CODE,CLAS,CNAME,BARCODE,PRICE,CQTY
B308A,01,西班牙文聖經(SENTA BIBLIA),B308A,400,1
S047D,04-1,高級原木匾額(南洋木)2.0*1.2尺,S047D,2100,-1
12055,03-1,文化與信仰(教牧處),4712120550506,50,1
9781932184037,07-1,主耶穌與祂的朋友(麥種),9781932184037,290,0
9781932184020,07-1,當主耶穌面對世界(麥種),9781932184020,220,0
CUNPCS077AZTI,01,大型金邊串珠姆指索引拉鍊聖經,9789570472530,1400,2
C201,02-1,守義人的路(謝忠光 著),9789867893406,250,499
C200,02-1,行善人的道(謝忠光 著),9789867893390,250,113
C202,02-1,活讀以賽亞書 (林永基 著),9789867893383,800,-1
E013G,06-2,舊約台語讀經CD(2)(17片/盒),4711013075003,500,0
S040C,09-1,週曆手冊(48開)-經典款,4711904030500,50,1000
H008,05-1,469首簡譜精裝讚美詩(15*22CM),4710800802006,200,0
C205,02-1,靈糧分享-彼前後.約123(謝溪海),9789867893444,150,116
14028,03-2,信仰的探索-初信班造就教材,9786269977840,150,-8
0753,08-2,但以理的故事-靜電貼系列(中主),9789575503406,290,0
9789624572414,07-6,馬可福音析讀(基道),9789624572414,300,9
CU57AZ,01,輕便型拉鍊皮面聖經,9789570472134,850,9
C210,02-1,靈糧分享-教牧書信(謝溪海 著),9789867893512,250,59
CU67AZ,01,中型皮面拉鍊聖經,9789570472073,1100,32
CU87AZTI,01,大字版皮面拉鏈索引聖經,9789570472646,1500,27
C212,02-1,順道信箱釋疑(4)(順道文集8),9789867893529,250,358
CM12,02-3,一場婚禮譜出一趟英國行(林慧瑛),9789869683630,400,0
S046G,09-1,A5筆記本(腓利門),4711904670003,25,832
H034,05-1,韓文讚美詩,9788953725300,550,3
9781932184129,07-7,馬歇爾新約神學(麥種),9781932184129,1000,1
12057,11,青教組輔助教材,12057,10,0
C214,02-1,活讀提多書 (林永基 著),9789867893543,250,133
12059,03-1,台語翻譯事工研習手冊,4712120590304,30,-14
H007-1,05-1,469簡譜大字軟皮讚美詩(紀念版),4710800702016,400,460
C217,02-1,心起飛的時候 (蔡恆忠 著),9789867893574,250,37
B7,01,希伯來文新約聖經,9789654310024,500,1
S011-1,04-2,英年離世版勸慰詞(含信封)　　　,S011-1,30,164
S011-2,04-2,高齡離世版勸慰詞(含信封)　　　,S011-2,30,324
S011-3,04-2,教會負責人版勸慰詞(含信封)　　,S011-3,30,411
S011-4,04-2,聖職人員版勸慰詞(含信封)　　,S014,30,417
S011-5,04-2,聖職人員配偶/事工人員版勸慰詞,S015,30,356
S011-6,04-2,未信/慕道離世版勸慰詞,S016,30,206
CUNP63A,01,新標點中型聖經,9789867530042,450,2
CU63A,01,中型聖經,9789570472059,400,346
CU53A,01,輕便型硬面聖經,9789570472103,340,29
CU83A,01,大字版漆布聖經,9789570472622,600,28
CBT7913,01,中英NKJV精裝黑色白邊(標準本),9789625139135,850,-8
CBT7914,01,中英NKJV皮面黑色金邊(標準本),9789625139142,1000,0
CBT7915,01,中英NKJV皮面紅色金邊(標準本),9789625139159,1000,288
CBT7916,01,中英NKJV皮面藍色銀邊(標準本),9789625139166,1000,46
CBT7917,01,中英NKJV皮面黑色金邊拉鍊,9789625139173,1900,0
CBT7918,01,中英NKJV皮面紅色金邊拉鍊,9789625139180,1900,-1
CBT7919,01,中英NKJV皮面藍色金邊拉鍊,9789625139197,1900,-1
130017,03-3,Our Basic Beliefs,4711300172002,150,-5
E123-2,06-2,神劇以利亞DVD(箴言詩篇聖樂團),4711123027008,49,308
CU53ARN,01,中型和合紅字筆記聖經,9789867530455,600,5
C219,02-1,迦密甘霖1(順道文集11),9789867893604,180,8
9789861983196,07-6,目賭生命之道-解讀約翰福音(校園,9789861983196,400,0
D001,02-1,箴言釋義(邱義雄),4710040013507,350,10
E123-4,06-2,盼望的旅程CD(箴言詩篇聖樂團),4711123042506,49,51
E123-5,06-2,恩典頌歌CD(箴言詩篇聖樂團),4711123053007,49,495
12601,06-2,何烈山詩班CD,4711126012407,240,0
CCT11795,01,生命成長版和合聖經(漢語),9789625137957,900,3
9789575870119,07-5,歷史的軌跡-二千年教會史(校園),9789575870119,500,0
130-1,07-4,白話字實用教科書(公報社),130-1,20,10
RB,09-4,布掛軸(細長型)(申嘉),4713027378439,378,0
130018,03-3,說教精粹集(一)-日語,4711300181806,180,1
130019,03-3,說教精粹集(二)-日語,4711300191805,180,1
9789861982298,08-3,基督教歷史輕鬆讀(校園),9789861982298,600,1
CCT1827,01,靈修版桃紅皮面聖經(漢語),9789625138275,1500,0
BS1069,08-5,兒童品格聖經(進階篇)(環球),9789888124817,980,1
CM16,02-3,撒母耳記講義(邱義雄著),9789869066808,350,-5
H016-1,05-1,469首四部簡譜大字版讚美詩,H016-1,250,0
C228,02-1,靈糧分享-小先知書2(謝溪海著),9789867893741,300,0
C229,02-1,究天人之際(榮光文集),9789867893727,250,303
C230,02-1,通古今之變(榮光文集),9789867893710,200,288
C231,02-1,5-2教會的先存與神安排的救贖,9789867893734,450,36
9789861984209,07-2,神啊!說好的那個人呢?(校園),9789861984568,320,1
C234,02-1,五經典考(陳勝全著),9789867893772,500,144
CCT12901,01,和合本.研讀本硬面聖經(漢語),9789625139012,1500,0
C235,02-1,迦密甘霖3(順道文集13),9789867893789,180,504
H027A,05-1,阿美語469首五線譜讚美詩,4710802702007,50,4
CAT6844,01,新漢語註釋大字新約聖經(漢語),9789625138442,420,1
8033,08-2,聖經找找看-耶穌的故事(中主),9789624887198,380,3
8035,08-2,聖經找找看-舊約歷險記(中主),9789624887211,380,1
0712,08-2,親子聖經故事精選(絕版),9789575504359,360,0
C236,02-1,迦密甘霖4(順道文集14),9789867893796,180,459
C237,02-1,活讀提摩太前後書(林永基著),9789867893802,500,40
CM18,02-3,真理的聖靈(張福華著),9789869066839,250,36
130021,03-3,聖靈論日文版(謝順道 著),130021,250,15
9789623992312,08-3,聖經人物事件簿(海天)(校園),9789623992312,450,1
0862,07-2,養育的藝術(中主),9789575504731,300,1
130022,03-3,The Gospel of John(約翰),9781930264151,250,0
130023,03-3,民數記中的基督(英文版),4711300231006,100,1
130024,03-3,洗禮論(英文版),4711300241005,100,0
C241,02-1,主耶穌的比喻(謝溪海著),9789867893840,300,701
CHT0423,08-1,聖經小偵探-尋找上帝的子民|漢語,9789888286423,150,2
CHT0430,08-1,聖經小偵探-尋找應許之地|漢語,9789888286430,150,0
CHT0447,08-1,聖經小偵探-尋找耶穌(停版),9789888286447,150,0
CHT0454,08-1,聖經小偵探-尋找基督徒(漢語),9789888286454,150,1
9789861984674,07-1,同行-最美的陪伴(校園)#,9789861984674,150,9
TD1392P,07-6,馬可福音(卷下)(天道),9789622089327,99,0
9789576938153,07-1,哀傷中有盼望(張老師文化),9789576938153,150,3
9789865896430,07-4,獄卒不畫會死(綠竹林),9789865896430,300,0
817,07-1,社群癮(道聲),9789864001224,320,3
130026,03-3,聖靈論韓文版(謝順道 著),9788996091387,250,5
D007,09-1,硬筆書法字帖(聖經經卷篇),9789869319010,150,0
422529,08-3,少年聖經(海天)(校園),9789623991841,690,1
CKT0072,07-4,默想舊約希伯來文(漢語),9789888286072,450,1
CKT0737,07-4,默想新約希臘文(漢語),9789888286737,450,1
36009,07-4,女性主義與基督教(華宣),9789865801182,320,3
18001,04-1,事工人員聘書,18001,5,3341
D008,02-1,恩典照相機/蘇真弘,4710400802505,99,0
C243,02-1,小不點的禱告-繪本,9789867893888,300,131
B320-1,01,CUNPPS63ABU注音聖經(藍),9789579977173,900,12
9789866205026,08-4,多少地才夠(道聲繪本),9789866205026,240,1
553,08-4,最重要的事(道聲繪本),9789867460486,240,2
9789864000463,08-4,家(道聲繪本),9789864000463,320,2
9789866205972,08-4,小象能做的事(道聲繪本),9789866205972,240,2
9789866205286,08-4,莉朵老師的禮物(道聲繪本),9789866205286,240,2
9789866205439,08-4,玫瑰奶奶(道聲繪本),9789866205439,260,1
CUNPCS072ABR,01,新標點橫排串珠大型聖經(膠皮褐),9789866674631,600,0
E123-7,06-2,神劇-保羅DVD(箴言詩篇聖樂團),4711123123779,49,439
A625,07-6,聖經信息系列-雅歌(校園),9789861982212,380,1
A627,07-6,聖經信息系列-耶利米哀歌(校園),9789861985206,300,0
CUNPCS072ABU,01,新標點橫排串珠大型聖經(膠皮藍),9789570472509,600,5
CU62ABU,01,中型膠皮聖經(藍),9789570472042,390,54
C245,02-1,帖撒羅尼迦前後書釋義(田輝煌著),9789867893925,200,367
9781939251374,07-1,壓傷的蘆葦(麥種),9781939251374,280,1
9781939251268,07-6,腓立比書註釋(麥種),9781939251268,650,1
303,09-4,基督是我家之主(銅框)(信望愛),4713027030337,690,0
C248,02-1,信仰的根-五大教義研究(黃基甸),9789867893932,200,212
CHT0911,08-1,聖經大搜尋(漢語),9789888286911,650,0
POS-2,12,信用卡,POS-2,0,0
POS-3,12,訂金金額,POS-3,0,0
POS-4,12,不分類商品,POS-4,0,0
POS-5,12,紅利金額,POS-5,0,0
POS-6,12,其它加減項,POS-6,0,0
CBT5681,01,中西對照精裝和合本聖經(漢語),9789625136813,850,0
C249,02-1,杏樹枝7 (箴.傳.歌.賽),9789867893956,300,275
C250,02-1,靈糧分享-以西結書(謝溪海著),9789867893949,250,125
9789624573138,07-5,奠基立柱-初期教會(基道),9789624573138,590,1
9789624574234,07-5,築樓蓋頂-中世紀教會(基道),9789624574234,640,1
H1,05-1,樂譜/喜訊-長笛版,h1,20,1536
CHT0055,08-1,迷你彈跳書-智者的故事(漢語),9789888469055,350,0
CHT0154,08-1,我的金句聖經(漢語),9789888469154,350,1
CHT0147,08-1,時光之旅-耶穌聖地遊蹤(漢語),9789888469147,650,0
CM26,02-3,活讀啟示錄(林永基著),9789869066884,280,2
9789577275196,08-5,飛上天空的北極熊(宇宙光),9789577275196,280,2
9789865809492,08-4,太陽弟兄、月亮姐妹(道聲繪本),9789865809492,280,1
9789865809348,08-4,如果你想看鯨魚(道聲繪本),9789865809348,260,2
9789865809324,08-4,摩爾小姐(道聲繪本),9789865809324,250,2
9789865809294,08-4,11隻貓和阿呆鳥(道聲繪本),9789865809294,280,2
9789865809256,08-4,你想聽故事嗎？(道聲繪本),9789865809256,260,2
S006D5,04-1,聖餐注汁器（320cc）,S006D5,1000,5
H2,05-1,樂譜/殷勤做工,H2,10,1575
H3,05-1,樂譜/所羅門王求智慧,H3,10,1590
H4,05-1,樂譜/你是我的力量保障,H4,10,1583
H5,05-1,樂譜/寶貴耶穌,H5,10,1577
H6,05-1,樂譜/光明的大道,H6,10,1591
H7,05-1,樂譜/迎主進來,H7,10,1578
H8,05-1,樂譜/跟主走,H8,10,1573
H9,05-1,樂譜/保守你心,H9,10,1576
H10,05-1,樂譜/耶和華是我牧者,H10,10,1580
H11,05-1,樂譜/感念主恩,H11,10,1576
H12,05-1,樂譜/求主垂聽/黃恩霖,H12,10,1569
H13,05-1,樂譜/跟主的腳步,H13,10,1587
H14,05-1,樂譜/我要親近你,H14,10,1588
H15,05-1,樂譜/羨慕天城,h15,10,1587
H16,05-1,樂譜/讚美主神,H16,10,1577
H17,05-1,樂譜/送別祝福,H17,10,1588
H18,05-1,樂譜/主是避難所,H18,10,1586
H19,05-1,樂譜／頌讚神之大能,H19,10,1582
H20,05-1,樂譜/主的恩,H20,10,1553
H21,05-1,樂譜/人生,H21,10,1574
H22,05-1,樂譜/快樂在我心,H22,10,1569
H23,05-1,樂譜/祈求,H23,10,1512
H24,05-1,樂譜/感恩的祈禱,H24,10,1416
CUNPSB570A24A,07-6,馬太福音研讀本(聖經公會),9789866674983,220,2
CUNPSB570A39,07-6,雅各書研讀本(聖經公會),9789866674990,200,2
H25,05-1,樂譜/十誡,H25,10,1570
H26,05-1,樂譜/主是力量保障,H26,10,1587
H27,05-1,樂譜/向前奔跑,H27,10,1577
H28,05-1,樂譜/老歲仔的歌(台語),H28,10,1578
H29,05-1,樂譜/求主憐憫/黽立,H29,10,1564
H30,05-1,樂譜/長青樹,H30,10,1585
H31,05-1,樂譜/長青樹(台語),H31,10,1588
H32,05-1,樂譜/耶穌是我磐石,H32,10,1587
H33,05-1,樂譜/耶穌恩友,H33,10,1497
H34,05-1,樂譜/頌主救恩,H34,10,1589
H35,05-1,樂譜/頌讚耶和華(一),H35,10,1587
H36,05-1,樂譜/頌讚耶和華(二),H36,10,1589
H37,05-1,樂譜/頌讚耶和華(三),H37,10,1591
H38,05-1,樂譜/頌讚耶和華(四),H38,10,1591
H39,05-1,樂譜/頌讚耶和華(五),H39,10,1591
H40,05-1,樂譜/頌讚耶和華(六),H40,10,1589
H41,05-1,樂譜/箴言要訓(台語),H41,10,1551
H42,05-1,樂譜/誰家的孩子最乖,H42,10,1588
H43,05-1,樂譜/在主蔭下,H43,10,1558
H44,05-1,樂譜/耶穌大愛,H44,10,1565
H45,05-1,樂譜/因為有你,H45,10,1543
H46,05-1,樂譜/我的神,H46,10,1581
H47,05-1,樂譜/福音的曙光,H47,10,1571
H48,05-1,樂譜/萬有當讚美耶和華,H48,10,1584
H49,05-1,樂譜/百合花/蕭榮燦,H49,10,1574
H50,05-1,樂譜/若不是,H50,20,1524
H51,05-1,樂譜/我不孤單,H51,20,1043
H52,05-1,樂譜/The Lords Prayer,H52,10,1396
H53,05-1,樂譜/Benediction願坦途鋪於你前,H53,20,1574
C252,02-1,傳道書釋義(田輝煌著),9789867893994,250,426
C251,02-1,杏樹枝8 (耶.哀.結),9789867893987,300,477
9789861985916,07-1,當先知以賽亞遇見火焰飛龍(校園),9789861985916,250,2
C254,02-1,杏樹枝9 (但以理書.小先知書),9789869655729,300,340
C253,02-1,王子與十大惡人-繪本,9789869655705,350,187
C255,02-1,列王紀與歷代志綜覽(林賢明著),9789869655712,250,381
TEV/TCV52DIBU,01,現代中文/英文對照膠皮聖經,9789866674686,700,0
M01,03-2,福音記憶卡/黃柏鈞的生命見證,M01,3,-89
M02,03-2,福音記憶卡/陳瑞男的生命見證,M02,3,-30
M03,03-2,福音記憶卡/余聖光的生命見證,M03,3,-28
M04,03-2,福音記憶卡/陳美玉的生命見證,M04,3,-79
IA001,09-3,方舟撲克牌(華宣),4713008135013,99,0
CFT0250,07-7,基督教聖經與神學辭典(漢語),9789625132501,1200,1
CH0004,07-5,教會歷史背景與年代圖表(華神),9789570471090,280,2
LLP669,07-1,你已將哀哭變為跳舞(基道),9789624575750,380,1
DT001,07-2,擇偶與婚姻的十個要訣(宇宙光),9789574358168,350,1
CU57AZTIRD,01,輕便型拉鍊索引皮面聖經(紅),9789866674952,1000,6
C256,02-1,更美的救贖-希伯來書釋義(陳忠揚,9789869655743,300,202
S031D,12,郵資(黑貓貨到付款),S031D,100,234
RC,09-4,布掛軸(長型72*26CM)(申嘉),4713027025081,250,3
C259,02-1,杏樹枝10(四福音書),9789869655781,300,460
S047E,04-1,高級原木匾額(南洋木)1.5*1尺,S047E,2000,-2
14033,03-2,麥餅零碎2-福音傳單集錦,4714140331004,200,4
14034,03-2,雲彩飛揚2-見證傳單集錦,4714140341003,150,3
C025,02-1,福音小書/耶穌是誰?,9789869770040,150,428
CHT0614,08-1,給勇敢女孩的聖經故事(漢語),9789888286614,680,1
S006B,04-1,不鏽鋼聖餐杯,705-1,30,966
1023202,07-1,基礎讀經舊約手冊(教師本)(華宣),1023202,300,0
1023201,07-1,基礎讀經舊約手冊(學生本)(華宣),1023201,150,0
1023204,07-1,基礎讀經新約手冊(教師本)(華宣),1023204,200,0
1023203,07-1,基礎讀經新約手冊(學生本)(華宣),1023203,100,0
567-2,08-4,愛彈琴的安娜(道聲繪本),4711158862759,280,1
639,08-4,我長大了(道聲繪本),9789866735660,240,3
CHT0621,08-1,給勇敢男孩的聖經故事(漢語),9789888286621,680,1
CHT0550,08-1,他們是誰？寶寶不離手(漢語),9789888469550,380,0
GMK015,05-2,蘊含古典風格的聖詩曲詞(匯恩),GMK015,250,3
GMK009,05-2,晚禱頌歌(匯恩),GMK009,350,0
GMK006,05-2,珍愛聖詩古典鋼琴曲集(匯恩),GMK006,250,1
GME006,05-2,沙灘上的腳印(匯恩),GME006,200,1
CUNPSB570A33,07-6,以弗所書研讀本(聖經公會),9789866674822,240,1
S048A,04-1,禱告木匾/6尺×2尺,S048A,8200,0
S048B,04-1,禱告木匾/5尺×1.8尺,S048B,7200,0
S048C,04-1,禱告木匾/4尺×1.6尺,S048C,6200,-2
9789866672811,07-4,家庭社會工作理論與實務(雙葉),9789866672811,550,1
LP248,07-7,基督、聖靈與救贖(基道),9789624574005,640,2
9789624572353,07-6,加拉太、帖前後析讀(基道),9789624572353,300,1
LP143-2A,07-6,使徒行傳析讀(基道),9789624572223,300,1
A630,07-6,聖經信息系列-阿摩司書(校園),9789861983905,380,1
0009,07-6,聖經中所有的彌賽亞預言(中主),9789575053512,1000,1
0504,07-6,聖經中所有的婦女(中主),9789575503574,800,-1
A713,07-6,聖經信息系列-彼後.猶(校園),9789575877316,400,2
A719,07-6,聖經信息系列-希伯來書(校園),9789575879976,400,1
8271,08-2,21世紀少年聖經(宗教教育中心),9789624882216,850,1
716,12,設計費,,0,0
C261,02-1,杏樹枝12(西-啟),9789869885010,300,560
H126,05-1,樂譜/真耶穌教會英文版,H126,20,1716
9789861372914,07-6,聖經視覺解析百科(究竟),9789861372914,420,1
H006B,05-1,469首棕色琴譜讚美詩(19X26CM),4710008006022,400,0
H006W,05-1,469首白色琴譜讚美詩(19X26CM),4710008006244,400,241
12003,03-1,青教組婚姻專題補充教材,4712120030503,50,-6
8137,08-2,小孩的晚安禱告(中主),9789624888737,295,2
8044,08-2,童唸金句-幼兒聖經故事卡(中主),9789624888768,295,0
FD004,07-4,從天堂到人間(宇宙光),9789577275776,590,1
VA008,07-1,失去，如何療癒(宇宙光),9789577274861,320,2
HA004,07-2,美好婚姻的14個祝福(宇宙光),9789577275233,280,2
9789861987194,07-1,笑笑讀聖經(校園)#,9789861987194,200,11
CBT1505,01,中英硬面NIV索引聖經(漢語),9789625135052,1100,1
C263,02-1,小不點去聚會-繪本,9789869885027,300,103
FUN,POS,文化幣,fun,1,497849
H122,05-1,樂譜／因你，有盼望／雙提琴版,h122,20,1971
H123,05-1,樂譜/永存的冠冕,H123,20,1946
14009,03-2,聖經函授初階(信仰的探索1-6),14009,120,0
06006,07-5,簡明基督教史(華宣),9789575565787,950,0
S031E,12,郵資(陸空),,0,16
SED/CUV(2010)63,01,賽德克族語對照聖經(聖經公會),9789869877015,1000,1
VA003-1,07-2,神啊，誰是我的理想伴侶(宇宙光),9789577275165,280,1
C265,02-1,刀出鞘(郭祝壽著),9789869885065,350,345
C266,02-1,婚姻，相疼正好-增訂版(游以寧),9786269905331,300,666
S031F,12,郵資(E小包),,0,-125
CFT0758,07-6,神的時間表(漢語),9789888469758,830,1
CM27,02-3,古代以色列智慧書(迦密),9789869683647,320,44
908,08-4,爸爸限定(道聲繪本),9789864003075,300,2
909,08-4,氣飽飽(道聲繪本),9789864003082,300,1
915,08-4,小烏龜楚門(道聲繪本),9789864003204,300,1
S031G,12,郵資(報關),,0,19
CM28,07-5,猶太古史記(迦密代理),9789868978904,1200,0
BA004,07-2,管教，原來可以很幸福(格子外面),9789869211611,280,2
H121,05-1,樂譜/十字架,h121,20,899
9789861987835,07-6,聖經經典五百問(校園),9789861987835,1550,1
9789861987828,07-6,新舊約聖經故事導覽(校園),9789861987828,750,0
H007P,05-1,469首注音簡譜讚美詩．冬鵝．紫,4718007302503,250,0
H007B,05-1,469首注音簡譜讚美詩．夏鷗．藍,4718007202506,250,28
9789865557041,07-5,死海古卷(一中心/綠竹林),9789865557041,1090,0
GMK014,05-2,馬可海斯鋼琴小品集1(匯恩),GMK014,350,0
TCV063P,01,現代中文譯本中型硬面聖經,9789570472813,450,0
N030,09-5,五十二日-桌遊(道聲),4711198000029,1080,1
1010459,01,中文拼音簡體索引聖經(信望愛),9788990233370,1200,3
H-ALL,05-1,全套創作樂譜,H-ALL,3485,918
C271,02-1,羅馬書講解(謝順道著)　,9789860664423,300,713
TTHV67DI,01,現代台灣客語漢羅皮面聖經,9789866674358,1250,0
H94-1,05-1,樂譜／神開路God Paves The Way,h94-1,20,990
H153,05-1,樂譜/古舊十架-何等的愛,h153,20,930
H154,05-1,樂譜/大哉！榮耀的神,h154,20,969
H155,05-1,樂譜/詩篇十六篇,h155,10,833
CHT0208,08-1,我願意跟隨耶穌/中英(漢語),9789888469208,870,0
C272,02-1,保羅監獄書信釋義(蔡梅曦),9789860664430,250,621
A1741,07-6,給所有人的摩西五經導論(校園),9789861988849,580,1
12056,11,高級班教材,,50,0
0905,08-2,別懷疑，我真的真的很愛你(中主),9789575508425,300,0
A1743,07-2,為婚姻立界線(校園),9789861989068,400,2
A1744,07-1,成長需要界線(校園),9789861989013,270,2
FQ5001,09-2,可替換,4713027377289,45,0
D014,02-1,刻在心版上的詩(蘇真弘),9789574397075,99,8
VA006-1,07-2,孩子的情緒導師(宇宙光),9789577275738,280,4
BL,09-5,真艾飾品坊-手環,bl,1,12
CM29,02-3,釋經？還是私意解經(杏仁子著),9789869683654,400,-3
BI005,07-7,愛的決定學(格子外面),9789869885171,350,3
EAR,09-5,真艾飾品坊-耳環,ear,1,11
C273,02-1,懇切教導的信-林前(陳殿晃著),9789860664461,300,491
C280,02-1,155個遇見神的美好時刻,9786269593644,300,157
S43TS98P,01,環球聖經譯本-舊約(卷一),9789575564520,850,1
S45TS98P,01,環球聖經譯本-舊約(卷二),9789888279876,850,0
S46TS98P,01,環球聖經譯本-舊約(卷三),9789888279944,850,1
H161,05-1,樂譜/不放手,h161,10,911
H162,05-1,樂譜／美好地方,h162,20,830
H163,05-1,樂譜／凡事都有主旨意,h163,10,970
H164,05-1,樂譜/谷中百合,h164,10,983
H165,05-1,樂譜/祂顧念的角落,h165,20,820
H166,05-1,樂譜/默然愛你,h166,10,466
H167,05-1,樂譜/主必預備,h167,20,964
H168,05-1,樂譜/主，我將自己獻上-G大調,h168,20,951
H169,05-1,樂譜／讓恩友進入你心,h169,20,899
H169-1,05-1,樂譜／讓恩友進入你心-F大調,h169-1,20,810
H168-1,05-1,樂譜/主，我將自己獻上-F大調,h168-1,20,946
9789861989471,07-3,21世紀使命門徒(校園),9789861989471,360,1
9789861986869,07-1,喵喵讀聖經(校園)#,9789861986869,200,10
PH04,05-1,呼求者的讚美-創作詩歌本1,9786269593651,300,350
944,08-4,好想變成你(道聲繪本),9789864004188,300,1
940,07-2,心引力(道聲),9789864004096,300,1
514-3,08-4,綠尾巴的老鼠(道聲繪本),4711158862742,270,1
735,07-1,給事奉充充電(道聲),9789865809232,250,2
815,08-4,黃與粉紅(道聲繪本),9789864001477,240,1
GMK019,05-2,特別主日鋼琴精選輯1(匯恩),gmk019,350,3
GMK020,05-2,特別主日鋼琴精選輯2(匯恩),gmk020,350,3
A1756,07-1,為衝突立界線(校園),9789861989396,400,2
A1754,07-3,基督教倫理學(校園),9789861989532,780,1
717,12,印刷費,717,0,484
9786263293786,07-6,舊約聖經人物圖鑑(東販出版),9786263293786,380,0
H158-1,05-1,樂譜／伴我飛翔 (Bb調),h158-1,20,863
PG03-2,09-1,鴿子雷雕領帶夾-JOY,4711607020808,200,0
PG03-3,09-1,鴿子雷雕領帶夾-PEACE,4710210031201,200,0
H170,05-1,樂譜／無非是人所能受,H170,20,909
H171,05-1,樂譜／主引領眷顧,h171,20,713
H172,05-1,樂譜／領我走永生的道路,h172,20,925
H173,05-1,樂譜／每一天得力量,h173,20,815
H174,05-1,樂譜／恩典印記,h174,20,858
H174-1,05-1,樂譜／恩典印記-小提琴伴奏,h174-1,20,971
H175-1,05-1,樂譜／不怕黑夜行的瘟疫(中)四部,h175-1,20,872
H175-2,05-1,樂譜／不怕黑夜行的瘟疫(英)四部,h175-2,20,984
H175-3,05-1,樂譜／不怕黑夜(中)-A cappella,h175-3,10,973
H175-4,05-1,樂譜／不怕黑夜(英)-A cappella,h175-4,10,985
A1761,07-4,美麗的神-教會美學八堂課(校園),9789861989709,360,1
A1764,07-1,啟程-帶著被愛的記號(校園)#,9789861989754,160,10
D016,09-5,迦美建堂奉獻平裝筆記本,4713008137574,250,0
D017,09-5,迦美建堂奉獻無限期桌曆,4713008137581,200,0
BK014,07-1,從自己人開始(格子外面),9786269540884,360,1
DB001,07-1,那些想不通的事(格子外面),9786269660506,300,0
VA013,07-5,傷痛，如何治癒(宇宙光),9789577276117,360,2
A1766,07-7,幸福的關鍵思維(校園),9789861989860,280,1
H81-1,05-1,樂譜/親愛的寶貝(二聲部),h81-1,20,936
CM06,02-3,詩寫聖經人物(翁溯利),9789869683661,450,29
949,08-4,穿越文字森林(道聲繪本),9789864004386,300,1
559,08-4,彩色豆(道聲繪本),9789867460530,240,1
618,08-4,奶奶來了(道聲繪本),9789866735141,240,1
649,08-4,檸檬的滋味(道聲繪本),9789866735806,260,1
698,08-4,小傢伙(道聲繪本),9789866205590,240,1
9789866205897,08-4,丹福先生(道聲繪本),9789866205262,240,2
900,08-4,說話(寶貝心/道聲),9789864003631,150,3
9789865503079,08-5,聖經的故事(綠竹林),9789865503079,650,3
H011W,05-1,469首白色袖珍簡譜軟皮讚美詩,4710801101405,140,0
H011B,05-1,469首黑色袖珍簡譜軟皮讚美詩,4710801121403,140,0
CM020,09-5,你不孤單，祂都在(格子外面),9786269672455,360,1
CM157,09-5,五餅二魚真絲領帶(黑)(宇宙光),4710716971827,720,2
CM158,09-5,五餅二魚真絲領帶(咖啡)(宇宙光),4710716971834,720,2
VB012,07-1,人生最需要的20件禮物(宇宙光),9789577274601,280,2
E013B,06-2,新約華語讀經CD(18片/盒),,500,0
FQ6001,09-2,經文盒卡(四季),4713027600011,50,92
CU67AZTIBU,01,中型索引拉鍊聖經(藍),9789866674808,1250,0
SL002,07-1,錢的決定學(格子外面),9786269672462,420,3
9789861985008,07-1,突破服事倦怠(校園),9789861985008,240,1
BK015,07-1,突破重圍(格子外面),9786269672424,360,1
PH05,05-1,不怕黑夜行的瘟疫-李佳恩作品集3,9786269698622,350,511
C010,02-1,所羅門與南北朝諸王(黃誌新),9786269698639,350,711
BA007,07-2,孩子盧，你要比他更盧(格子外面),9786269672493,380,1
899,08-4,我(寶貝心/道聲),9789864003587,150,4
GAV001,09-3,十架_質感木框浮雕畫(華宣),4711342383145,990,0
CM02,02-3,十誡倫理觀-永恆的叮嚀(陳勝全),9789869683678,350,36
0921,07-2,愛之語-增訂版(中主),9789575508661,320,2
593,08-4,依莉的娃娃(道聲繪本),9789867460875,240,2
957,08-4,善良小狼(道聲繪本),9789864004584,380,1
FB019,07-4,一個名叫天堂的地方(宇宙光),9789577276223,450,1
PB31,09-1,雙背喜樂包－奶油酥,4719998880315,899,304
PB32,09-1,雙背喜樂包－芝麻糊,4719998880322,899,137
ABE107,09-3,PEACE鯨魚/絨毛地墊(華宣),4711342383909,499,1
ABE108,09-3,HOPE花/絨毛地墊(華宣),4711342383916,499,1
ABE109,09-3,TRUST日出/絨毛地墊(華宣),4711342383923,499,1
MR001,09-3,花束／摺疊立鏡(華宣),957995713,120,0
GS013,09-3,愛心／福氣羊羊掛飾(華宣),957995728,69,0
0924,07-2,單身愛之語(中主),9789575508692,320,2
IB711,07-3,我的牧師生了抑鬱症(基道),9789624576405,430,1
9789864004980,07-2,非他不可(道聲),9789864004980,380,1
APR001,09-3,AMEN阿們黑/圍裙(華宣),4711342384876,250,5
CM05,02-3,2025雙日曆(迦密),4713254651336,690,0
CHT0217,08-1,謝謝天父幼兒聖經(漢語),9789888733217,390,3
966,07-1,跟耶穌學時間管理(道聲),9789864004973,360,1
682-1,08-4,堇花奶奶的秘密(道聲繪本),9789864004935,300,1
964,08-4,牛蒡醫生忙碌的一天(道聲繪本),9789864004904,280,0
H007G,05-1,469首注音簡譜讚美詩．春鹿．綠,4718007102509,250,67
H007Y,05-1,469首注音簡譜讚美詩．秋熊．黃,4718007402500,250,56
CHT0307,08-1,神奇水筆繪本-耶穌誕生了(漢語),9789888469307,340,0
CHT0284,08-1,神奇水筆繪本-上帝的創造(漢語),9789888469284,340,0
GBA001,09-3,禱告的熊/壓克力造型尺(華宣),4711342384845,49,0
GBA002,09-3,福氣羊羊/壓克力造型尺(華宣),4711342384852,49,1
GBA003,09-3,幸福小狗/壓克力造型尺(華宣),4711342384869,49,0
WAD002,09-3,公主/手繪透明貼紙(華宣),4711342383480,39,15
WAD001,09-3,王子/手繪透明貼紙(華宣),4711342383473,39,9
W977A01,09-3,你是窯匠/手繪透明貼紙(華宣),4711342385347,49,13
CM11,02-3,奔向日出之地(林慧瑛),9789869683685,900,32
LT200,09-1,龍潭建堂奉獻-慈繩愛索200,4710012202007,200,9
S075R,04-1,真耶穌教會名牌帶-紅色,S075R,15,125
JE2-3,11,幼年班習作本2-3(宗教教育教材),je2-3,200,5
JM2-3,11,幼年班教員本2-3(宗教教育教材),jm2-3,250,5
JW2-3,11,幼年班學員本2-3(宗教教育教材),jw2-3,200,5
KE2-3,11,幼兒班習作本2-3(宗教教育教材),ke2-3,200,4
KG2-3,11,幼兒班教具本2-3(宗教教育教材),kg2-3,450,3
KM2-3,11,幼兒班教員本2-3(宗教教育教材),km2-3,250,0
KP2-3,11,幼兒班掛圖2-3(宗教教育教材),kp2-3,400,3
SE2-3,11,少年班習作本2-3(宗教教育教材),se2-3,200,5
SM2-3,11,少年班教員本2-3(宗教教育教材),sm2-3,250,4
SW2-3,11,少年班學員本2-3(宗教教育教材),sw2-3,200,5
CUP01,09-5,彈蓋保溫瓶(六月夏天),4710321163501,350,6
CUP02,09-5,質感玻璃水杯330ml(六月夏天),4710321160029,120,0
CUP03,09-5,為小事感謝玻璃杯500ml/六月夏天,4710321160036,149,0
CUP04B,09-5,冰霸杯(大/黑)(六月夏天),4710321160418,380,1
CUP04W,09-5,冰霸杯(大/奶白)(六月夏天),4710321160432,380,4
BJC48207-01,09-2,方格雙圈筆記25K-藍(四季),4713027410160,95,1
BJC41207-01,09-2,橫線雙圈筆記25K-白(四季),4713027410153,95,0
C281,02-1,深感安慰的信-林後(陳殿晃著),9786269793617,350,367
R,12,紅利,R,-30,-1909
GBH001,09-3,陶瓷杯-祈禱的熊(華宣),4711342385514,220,7
GBH002,09-3,陶瓷杯-生命的糧(華宣),4711342385521,220,5
BJ001,09-3,燙金線裝筆記本(十架/極黑)-華宣,957995837,70,0
BJ002,09-3,燙金線裝筆記本(花束/墨蘭)-華宣,957995838,70,0
712-2,09-3,華宣99元特價品,4717122000998,99,1
MR002,09-3,笑臉／摺疊立鏡(華宣),957995714,120,0
CM022,07-1,如果把耶穌的話當真(格子外面),9786269832606,380,1
H184,05-1,樂譜／心中的王,h184,10,952
H185,05-1,樂譜／主，我願像你,h185,20,965
H186,05-1,樂譜／軟弱者的禱告,h186,20,965
H187,05-1,樂譜／親愛的主,h187,10,937
H190,05-1,樂譜／因你已勝過這世界,h190,20,959
H188,05-1,樂譜／因為有你(套譜四版本),h188,20,971
PG27,09-1,小台MP3-聖經播放器,4711607278506,850,31
PG27-1,09-1,大台螢幕-聖經播放器,4711607270012,1300,1
H-ALL2,05-1,全套創作樂譜(目錄版),H-ALL2,899,6
SE2-4,11,少年班習作本2-4(宗教教育教材),se2-4,200,5
9789888820887,07-5,信，你是否忘記了(證主),9789888820887,590,1
PG28,09-1,聖經大滿貫Bible Slam(美總),4711607286990,699,-11
SR97ARTIZ4.101,01,花紋咖-特大拉鍊索引聖經-斷版,9786267287293,2100,1
SR97ARTIZ2.201,01,禱告藍-特大拉鍊索引聖經(聖資),9786267287262,2100,2
PG29-1,09-1,十誡圖畫木框(中文版),PG29-1,990,-1
PG29-2,09-1,十誡圖畫木框(英文版),PG29-2,990,0
PI001,09-3,祝福胸章_愛心(華宣),957995919,50,0
PI002,09-3,祝福胸章_氣球(華宣),957995920,50,1
PI003,09-3,祝福胸章_手(華宣),957995921,50,0
PI004,09-3,祝福胸章_飛鳥(華宣),957995922,50,0
PI005,09-3,祝福胸章_花束(華宣),957995923,50,0
PI006,09-3,祝福胸章_山脈(華宣),957995924,50,1
PI009,09-3,祝福胸章_帆船(華宣),957995927,50,0
PI008,09-3,祝福胸章_麵包(華宣),957995926,50,0
PI007,09-3,祝福胸章_光(華宣),957995925,50,0
SE3-1,11,少年班習作本3-1(宗教教育教材),se3-1,200,3
SW3-1,11,少年班學員本3-1(宗教教育教材),sw3-1,200,4
JM3-1,11,幼年班教員本3-1(宗教教育教材),jm3-1,250,1
JE3-1,11,幼年班習作本3-1(宗教教育教材),je3-1,200,1
JW3-1,11,幼年班學員本3-1(宗教教育教材),JW3-1,200,0
KM3-1,11,幼兒班教員本3-1(宗教教育教材),km3-1,250,-3
KE3-1,11,幼兒班習作本3-1(宗教教育教材),ke3-1,200,0
LT250,09-1,龍潭建堂奉獻-慈繩愛索250,4710012202502,250,16
LT800,09-1,龍潭建堂奉獻-慈繩愛索800,4710012208009,800,10
A1817,07-2,科技時代的聰明教養指南(校園),9786267385852,320,1
CHT0595,08-1,小淘氣聖經-中英對照(漢語),9789625135953,690,1
A1819,07-1,遊戲的神(校園),9786267530122,420,1
A1797,07-6,上帝子民的新約導論(校園),9786267530047,1999,0
C161,02-1,福音柑仔店(翁正晃編著),9786269905300,300,405
PG27-2,09-1,螢幕播放器擴充記憶卡(臺語),PG27-2,500,15
PG27-3,09-1,播放器記憶卡(國語),PG27-3,299,-1
ESV/CN67ATI,01,簡體和合本/ESV中英軟皮聖經,4712637867203,1250,-1
W960I01,09-3,有你真好/造型石頭燈(華宣),4711342388577,199,36
GS208,09-3,禱告羊香氛片(華宣),GS208,69,0
KMU1-2,03-1,幼兒班詩歌本1-2(宗教教育教材),kmu1-2,150,-2
SM2-4,03-1,少年班教員本2-4(宗教教育教材),sm2-4,250,4
SM3-1,03-1,少年班教員本3-1(宗教教育教材),sm3-1,250,4
SM3-2,03-1,少年班教員本3-2(宗教教育教材),sm3-2,250,4
PG30-8,09-1,鴿子棒球帽(彎帽沿/櫻花粉),4711673082991,299,8
CUP08-1,09-1,百繪教堂貝瓷馬克杯,4713211608014,250,-212
CUP08-2,09-1,百繪教堂霧透馬克杯,4713211608021,250,-8
CUP08-3,09-1,百繪教堂全透馬克杯,4713211608038,250,-6
PG34,09-1,百繪教堂明信片,4710304492888,19,730
CUNPCS83A,01,新標點大字硬面橫排聖經,9786267223215,800,1
CUNPCS87AZTIFIB,01,新標和合大字橫排拉鍊索引聖經,9786267223222,1600,0
0931,07-1,荒漠甘泉-100年紀念(中主),9789575508760,150,12
FBJH6102-04,09-2,經文32k橫線加厚筆記-藍蝶(四季),4713027435705,50,15
FBJH6102-05,09-2,經文32k橫線加厚筆記-花恩(四季),4713027435712,50,14
FBJH6102-06,09-2,經文32k橫線加厚筆記-粉葉(四季),4713027435729,50,11
FBJH4102-04,09-2,經文25k橫線加厚筆記-藍蝶(四季),4713027435675,65,16
FBJH4102-05,09-2,經文25k橫線加厚筆記-花恩(四季),4713027435682,65,19
FBJH4102-06,09-2,經文25k橫線加厚筆記-粉葉(四季),4713027435699,65,16
SAT0098,07-6,聖經家譜一紙通(漢語),4895045800304,450,0
PB38,09-1,聖靈報雜誌風格/帆布包,4711623801993,199,64
PB39,09-1,聖靈報雜誌風格/帆布袋,4711623901990,199,84
H211,05-1,樂譜/路,H211,10,918
H212,05-1,樂譜/感恩,H212,10,937
H213,05-1,樂譜/謙卑獻上,H213,20,957
H214,05-1,樂譜/哈巴谷的信息,H214,20,978
PB42P,09-1,臺灣傳教百年紀念手提袋(紫),4711624200160,199,78
PB42W,09-1,臺灣傳教百年紀念手提袋(白),4711624200245,199,0
PB42B,09-1,臺灣傳教百年紀念手提袋(黑),4711624200023,199,47
CUP09W,09-1,臺灣傳教百年紀念保溫瓶-雪峰白,4710100350238,350,31
CUP09PU,09-1,臺灣傳教百年紀念保溫瓶-夢幻紫,4710100350214,350,20
CUP09P,09-1,臺灣傳教百年紀念保溫瓶-珊瑚粉,4710100350160,350,13
CUP09B,09-1,臺灣傳教百年紀念保溫瓶-靜謐藍,4710100350023,350,41
CUP09G,09-1,臺灣傳教百年紀念保溫瓶-薄荷綠,4710100350085,350,21
PG37,09-1,臺灣傳教百年紀念胸章,4711673700505,50,-141
PG38-1,09-1,臺灣傳教百年紀念對錶(重修白),4711926202619,1926,1
PG38-2,09-1,臺灣傳教百年紀念對錶(開展藍),4711926202626,1926,3
C221,02-1,青春，溫柔以對(游以寧),9786269905379,250,243
CUNPSS62PL,01,新標點中型橫排神簡體典雅黑,CUNPSS62PL,600,1
PG36XS,09-1,臺灣傳教百年紀念衫04(XS),4710009532766,399,2
PG362XL,09-1,臺灣傳教百年紀念衫09(2XL),4710008220503,399,-45
SR77ATTIZ2.201,01,麂皮藍銀/拉鍊索引聖經(聖資),9786267287590,1600,0
SR77ATTIZ3.101,01,麂皮紅金/拉鍊索引聖經(聖資),9786267287583,1600,6
AA1664,08-2,翻翻牧人小故事(中英對照)(中主),9789624889468,290,0
AA1638,08-2,兒童創意聖經(中英對照)(中主),9789624889338,405,1
S031K,12,郵資(傳單未滿1000張),S031K,100,0
C287,02-1,以弗所書講壇(黃基甸著),9786269977802,350,914
THSV62PL,01,泰文聖經(聖經公會),9786163391643,900,1
S040D,09-1,週曆手冊(48開)-百年款,4711904040509,50,2000
FGK2501-09,09-2,經文慰問卡(四季),4713027435415,25,0
FGK2501-10,09-2,經文慰問卡(四季),4713027435422,25,0
C199,02-1,靈界辨正(許東霖 著),9786269793631,250,306
C198,02-1,生命之道(順道文集7),9789867893376,250,85
H005,05-1,469首五線譜軟皮讚美詩(15*22CM),4710800502005,200,2
E013A,06-2,新約台語讀經CD(18片/盒),4711013015009,500,0
E013E,06-2,舊約華語讀經CD(3)(16片/箴-瑪),4711013055005,500,0
E013F,06-2,舊約台語讀經CD(1)(20片/盒),4711013065004,500,0
130013,03-3,基本信仰(全)(英文版),130013,150,0
S056A,09-5,快煮壺(1.8L)(富國),S056A,900,0
9781932184419,07-6,以弗所書註釋(美國麥種),9781932184419,1000,1
CM09,02-3,榮美腳蹤使徒行傳查經(江雅各著),9789868370159,240,18
130014,03-3,真理提要問答(日文) 郭子嚴 著,4711300141657,165,11
C203,02-1,溫柔對話(陸瑩華著),9789867893413,150,327
E013H,06-2,舊約台語讀經CD(3)(19片/盒),4711013085002,500,0
CM10,02-3,聖經中的婚姻觀 (黃基甸 著),9789868370166,250,0
CU55AJZ,01,輕便型拉鍊牛仔布聖經,9789867530479,750,22
CU83AGTI,01,大字版索引金邊漆布聖經(黑),9789866674167,800,46
14027,03-2,信仰的追尋-慕道班造就教材,9786269698684,100,-14
C204,02-1,暮蟬秋吟(潘誠人著),9789867893437,250,4
NI53,01,日文中型共同譯本(聖經公會),9784820212119,1200,3
H007,05-1,469簡譜中型軟皮讚美詩(紀念版),4710800702009,200,874
130015,03-3,聖書要道(日文) 楊約翰 著,4711300153308,330,10
P1,09-1,經文原子筆,P1,10,923
C206,02-1,瑪拉基書釋義(林永基 著),9789867893451,150,183
470-2,08-4,你很特別-經典版(道聲繪本),9789570368246,240,3
C208,02-1,5-1教會在以弗所書中的圖像比方,9789867893475,350,0
S031A,12,郵資(未滿600元/郵局宅配),S031A,65,4649
C207,02-1,五祭要義(陳恆道主講),9789860664447,150,635
POS-1,12,折扣金額,POS-1,0,-35
C209,02-1,拾取麥穗-路得記講壇(羅讚坤著),9789867893505,150,413
RCU63A,01,和合修訂中型聖經　　　　　　,9789622933729,450,4
CU67AZTI,01,中型索引拉鍊聖經,9789570472080,1250,51
C211,02-1,靈糧分享-哥林多前後書(謝溪海著,9789579214001,100,397
CUNP67AZTI,01,新標點中型拉鍊索引皮面聖經,9789867530066,1200,1
C213,02-1,常存之道(順道文集9),9789867893536,250,207
H010-1,05-1,英文525首琴譜(美總),4710801012008,320,0
H005-1,05-1,469首簡體五線譜讚美詩(14*20CM),4710800511601,220,126
CCT1877,01,靈修版皮面金邊聖經(漢語),9789625138770,1500,0
C215,02-1,舊約聖經中的戰爭 (張天賜著),9786269593682,800,295
9789622306110,07-7,舊約神學(彭巴頓 著) (種籽),9789622306110,1100,7
9789881963826,07-6,近看士師記路得記(華宣),9789881963826,300,2
C216,02-1,完全之道(順道文集10),9789867893567,250,410
R011,07-5,聖經與植物(華宣),9789867344083,290,0
9789861982694,07-6,十二先知書(ACCS)(校園),9789861982694,650,4
CM13,02-3,彌迦書-萬民啊!你們都要聽,9789868370197,300,-1
9781932184457,07-6,詩篇概論(麥種),9781932184457,540,1
BS1050,08-5,兒童品格聖經(新約篇）(環球),9789888124367,980,1
BS1041,08-5,兒童品格聖經(舊約篇）(環球),9789888124183,980,1
12041,04-1,大毛巾/大浴巾 (80cmX150cm),12041,400,126
P2,09-1,水性原子筆,P2,15,0
S027,02-2,青少年福音傳單,S027,1,-995
CU93AG,01,特大字版漆布金邊聖經,9789866674372,1400,29
130016,03-3,Q&A on Biblical Doctrines,4711300162003,200,9
CUNP53A,01,新標點和合本聖經　　　　,9789867530127,380,6
C218,02-1,靈糧分享-小先知書1(謝溪海著),9789867893598,300,287
H015,05-1,日文469首五線譜讚美詩,4710801502004,320,70
9789861983103,07-2,性別有自信，孩子更快樂(校園),9789861983103,200,1
9789575879488,07-2,麻雀變鳳凰(校園),9789575879488,280,1
9789861982434,07-4,因為有愛，才有這個學系(校園),9789861982434,250,1
9789861983127,07-4,飛機為什麼沒有撞到羊(校園),9789861983127,250,1
9789861983110,07-4,當青蛙念到蝸牛大學(校園),9789861983110,250,1
S046I,02-3,迦密週曆手冊/藍.橘.棕,4712009654585,250,0
S006D3,04-1,不鏽鋼聖餐壺（600cc）,4715660116188,600,17
RCU83A,01,和合修訂大字硬面聖經,9789622933194,1050,1
9789575567118,07-1,如何為工作禱告(華宣),9789575567118,290,0
9789861980522,07-1,玩出品格力(校園),9789861980522,380,2
9789861981604,07-1,玩出反思力(校園),9789861981604,500,1
9789861982144,07-3,宣教中的上帝(校園),9789861982144,700,1
9789575878382,07-7,聖經的無誤與難解(增訂版)(校園),9789861984704,400,1
9789575879150,07-1,玩出好品格(校園),9789575879150,460,1
C220,02-1,讚美詩源考(全套),4710032205002,1000,0
C222,02-1,7折/耶和華忿怒的杯酒(張天賜),9789867893611,400,466
1501,01,德文硬面聖經(聖經公會),9783438033666,800,1
9781939251046,07-3,提問式佈道法(麥種),9781939251046,320,3
700-1,12,茶葉,700-1,0,18
TTV363DI,01,現代台語新約聖經附詩箴,9789866674396,400,0
9789575566074,07-1,這樣吵好不好？(華宣),9789575566074,220,0
700-2,12,咖啡,700-2,0,0
14029,03-2,婚姻講座-賴英夫編著,4714140291001,50,1
9789861983165,07-1,認識耶穌的十堂課(校園),9789861983165,300,0
C223,02-1,迦密甘霖2(順道文集12),9789867893659,180,343
9789623992091,07-5,基督教歷史和未來速覽(海天),9789623992091,440,2
OCQ002,09-3,中英聖經索引標籤-金色(華宣),4719552093816,50,14
OCQ004,09-3,中英聖經索引標籤-兒童(華宣),4719552093830,50,20
OCQ001,09-3,中英聖經索引標籤-彩色(華宣),4719552093809,50,20
OCQ003,09-3,中英聖經索引標籤-銀色(華宣),4719552093823,50,11
9789861983653,07-1,迷上麻煩的耶穌(校園),9789861983653,320,0
9789861983622,07-6,以西結書-神榮耀的守望者(校園),9789861983622,550,2
9781939251077,07-7,聖經神學與解經講道(麥種),9781939251077,440,1
9781939251060,07-7,聖經神學導論(麥種),9781939251060,280,2
FTZ2501,09-2,25元經文貼紙(四季),4713027174468,25,101
S011I,04-1,教會用信封袋(大),S011I,2,0
BC101,08-5,趣智兒童聖經(第一輯)(華宣),4895105400765,800,0
9789624574654,07-7,壞鬼釋經:舊約敘事篇(基道),9789624574654,450,0
D002,09-1,硬筆書法字帖(聖經金句1),9789869195836,150,0
C224,02-1,杏樹枝1 (創.出),9789867893673,250,273
12060,03-1,靈言禱告簡介單張,12060,3,1893
CFT2612,07-6,帖前後書(漢語.國際釋經),9789625136127,550,0
CFT2772,07-6,約翰福音<上>(漢語.國際釋經),9789625137728,550,1
CFT2370,07-6,提前後書.提多書(漢語.國際釋經),9789625133706,640,0
CFT2773,07-6,約翰福音<下>(漢語.國際釋經),9789625137735,550,1
C225,02-1,馬太福音釋義(蔡梅曦著),9789867893666,300,406
CFT0711,07-7,聖經透析(漢語),9789625137117,1000,0
9789861983837,07-7,21世紀基督教靈修學導論(校園),9789861983837,980,0
TPV050P,01,菲律賓文聖經,9789712909153,350,2
CUNPSB570A01,07-6,創世記研讀本(聖經公會),9789866674402,330,3
C226,02-1,杏樹枝2 (利.民.申),9789867893680,250,35
GMK001,05-2,教會節期鋼琴奏樂曲集,GMK001,250,1
GMK007,05-2,古典的貝莉(匯恩),GMK007,250,0
9781939251091,07-7,保羅神學-新舊觀(麥種),9781939251091,800,1
9781939251084,07-2,青少年的壓力，我懂(麥種),9781939251084,380,5
CUNPSB570A37,07-6,提前後.提多書研讀本(聖經公會),9789866674242,190,3
CFT0717,07-7,神學釋經詞典(漢語),9789625137179,1880,1
CHT0983,08-1,好孩子聖經(漢語),9789625139838,600,0
BS1080,08-5,寶貝看聖經(環球),9789888279005,800,0
C227,02-1,獨一真教會(張福華 著),9789867893703,400,132
CUNPSB570A32,07-6,加拉太書研讀本(聖經公會),9786267223017,162,2
CUNPSB570A08,07-6,路得記研讀本(聖經公會),9789866674327,100,2
CUNPSB570A41,07-6,約翰一二三書研讀本(聖經公會),9789866674341,180,2
S13TS01H,01,新譯本/ESV中型中英聖經(環球),9789888279630,1700,0
CAT6991,01,五經新漢語譯本(漢語),9789625139913,330,1
CAT6799,01,新漢語/和合對照聖經(漢語),9789625137995,420,1
CAT6794,01,新漢語註釋新約聖經(漢語),9789625137940,390,0
9789861984155,07-3,世界在等待的門徒(校園),9789861984155,200,2
9789861984278,07-1,問出好問題(校園),9789861984278,250,2
CUNPSB570A35,07-6,歌羅西.腓利門書研讀本(聖經公會,9789866674549,180,3
S057I,04-1,手搖鈴(小),4713007933054,299,3
S057J,02-3,手搖鐘(大)迦密,4713007933412,1500,12
CBT4738,01,NLT/新普及新約聖經(漢語),9789625137384,390,1
RCU/ESV53,01,和修本/ESV中英對照聖經,9789622932265,1250,0
C232,02-1,約翰福音釋義(林賢明著),9789867893765,200,187
C233,02-1,真耶穌教會歷史講義,9789867893758,250,0
CM17,02-3,靈思泉湧-從一粒麥子思考起,9789869066822,220,2
TCV057PZ,01,現代中文譯本掌型拉鍊聖經,TCV057PZ,940,1
9781939251190,07-3,講道與講道的人(麥種),9781939251190,400,2
9789861984483,07-4,燃燒吧!大學魂(校園),9789861984483,320,1
TD1377P,07-6,馬可福音(卷上)(天道),9789622088825,99,0
14032,03-2,信徒生活手冊(慕道者適用),4714140320503,50,-4
9781939251213,07-6,以賽亞書註釋上(麥種),9781939251213,1200,2
9781939251220,07-6,以賽亞書註釋下(麥種),9781939251220,1350,2
9789623991728,08-3,故事聖經(海天),9789623991728,650,0
9789861983349,07-1,讓查經動起來(校園),9789861984896,380,2
9789861981857,07-1,玩出好關係(校園),9789861981857,450,3
9789861983523,08-3,聖經故事王7-10(新約篇)(校園),9789861984766,1200,1
9789861984643,08-3,聖經故事王1-6(舊約篇)(校園),9789861984643,1800,1
130020,03-3,聖工幹部講習會教材(聯總版),4711300201009,100,15
CFT0756,07-7,希臘文大詞典(漢語),9789625137568,3400,0
9781932184495,07-3,整合心理治療(麥種),9781932184495,600,1
9781932184648,07-4,聖經希臘文基礎：作業(麥種),9781932184648,380,2
9781939251121,07-6,加拉太書(麥種),9781939251121,880,1
CFT2355,07-6,出埃及記(卷上)(漢語.國際釋經),9789888286355,490,0
CFT2362,07-6,出埃及記(卷下)(漢語.國際釋經),9789888286362,490,0
C238,02-1,杏樹枝3 (書.士.得.撒上下),9789867893819,250,137
C239,02-1,歌羅西書釋義(王明昌著),9789867893826,200,625
9781939251275,07-7,從釋經到講道(麥種),9781939251275,750,1
CM20,02-3,憂鬱症者的療癒與蛻變(林端容),9789869066846,400,-1
CUNPSB570A28,07-6,使徒行傳研讀本(聖經公會),9789866674693,550,1
S36TS98P,01,環球聖經譯本-新約全書,9789888279265,850,0
8502,08-2,聖經找找看(缺貨),9789624886702,350,0
8184,01,荷蘭文聖經(聖經公會),9783438081841,1100,2
C240,02-1,杏樹枝4 (王上下.代上下),9789867893833,300,231
9789577274878,08-5,蘇老師的故事角(宇宙光),9789577274878,280,1
9789861984780,07-1,神國經理人(校園),9789861984780,350,1
9789861986234,07-1,為工作立界線(校園),9789861981994,380,1
D005,02-1,傳道書略解(林奉來著),D005,30,19
D004,02-1,教牧書信略解(林奉來著),D004,60,24
LLP374A,07-1,真誠的關係(宇宙光),9789624574104,370,1
D003,02-1,玩好生命(北區葡萄園),9789868991804,200,0
D006,09-1,九N生存投資遊戲-桌遊(9N),4710400620000,1200,4
031001,09-4,著色本(申嘉),4713027031013,50,0
031002,09-4,聖經故事拼圖(申嘉),4713027031020,40,0
C242,02-1,杏樹枝5 (拉-詩30),9789867893864,300,212
GKCNTDIC,07-4,新約希臘文辭典,9789622933316,900,3
9781939251251,07-3,從聖經傳講倫理學(麥種),9781939251251,330,1
9781939251107,07-6,路得記(麥種),9781939251107,650,1
6010,01,希臘原文新約聖經,9781598561647,1200,2
029-1,12,版稅,029-1,0,14
N001,09-5,破冰Holy High桌遊(道聲),4713774267017,250,2
726,08-4,爸爸的頭不見了(道聲繪本),9789865809218,280,2
A1575,07-4,史華璐-隱藏的種子(校園),9789861985114,280,1
CM21,02-3,羅馬書因信稱義(謝順道著)(迦密),9789869066853,450,3
S34TS99H,01,聖經註釋板-新約全書(環球),9789888279142,1300,1
CHT0720,08-1,童心童話聖經故事(中英)(漢語),9789888286720,920,0
PH01,05-1,百年紀念創作詩歌本,4711621202501,250,125
PE01,06-2,百年紀念詩歌專輯,4711621002002,49,0
H009-1,05-1,英文469首讚美詩(膠皮),4710801009121,250,144
H009-2,05-1,英文469首讚美詩(硬面),4710801009220,250,38
CU84APLNBU,01,大字版藍色膠皮聖經,9789866674891,650,28
CU62ABR,01,中型膠皮聖經(咖啡),9789866674761,390,38
4711904250007,07-5,新舊約聖經背景註釋(套)(校園),4711904250007,3300,0
319,09-4,匾額：必定事奉耶和華(信望愛),4713027031907,1200,2
320,09-4,匾額：耶和華是我的牧者(信望愛),4713027032003,1200,2
CM22,02-3,約伯記剖析(林桂永著),9789869066860,300,37
C244,02-1,杏樹枝6 (詩31-150),9789867893895,300,254
CHT0768,08-1,迷你彈跳書-挪亞(漢語),9789888286768,350,1
E123-6,06-2,神劇-彌賽亞DVD(箴言詩篇聖樂團),4711123123601,49,420
617,08-4,貪吃的牛小花(道聲繪本),9789866735134,240,0
AR382,01,羅馬字新約附詩大字膠面,9789570472707,340,1
AR383,01,羅馬字新約附詩大字硬面,9789570472714,350,1
9789576938023,07-1,搞定難搞的人(張老師文化),9789576938023,150,3
9789576938160,07-1,別往壞處想((張老師文化),9789576938160,150,-1
800,08-4,送給爸爸的小船(道聲繪本),9789864001163,270,1
836,08-4,水公主(道聲繪本),9789864001750,280,2
HA005,07-2,再說一次，我願意(宇宙光),9789577275141,320,1
LLP178,07-7,新約評經法導引(基道),9789624574159,700,2
CM23,02-3,士師記講義(邱義雄編著),9789869066877,280,43
CHT0775,08-1,迷你彈跳書-迷失的羊(漢語),9789888286775,340,2
CUNPSB570A40B,07-6,彼得後.猶大書研讀本(聖經公會),9789866674860,210,2
NRSV/CUNP53DIG,01,NRSV中英對照硬面,9789622936362,1050,0
NRSV/CUNP56Z,01,NRSV中英對照拉鍊金邊,9789622933453,1300,0
C246,02-1,響起福音的號角(黃基甸著),9786269793600,250,708
C247,02-1,約拿書講壇(黃基甸),9786269905355,300,674
9789861985244,08-3,神之英雄-新舊約漫畫縱覽(校園),9789861985244,1200,1
9789861985527,07-4,被釘十架的王(校園),9789861985527,400,0
TD1391P,07-6,以賽亞書(卷二)(天道),9789622089341,99,0
P241,08-5,我的1000貼紙故事書(聖經公會),9789866674945,350,0
KIDSPUZZLE1-C,08-5,孩子的第一本-兒童拼圖聖經,9789869929523,350,0
KIDSPUZZLE2-C,08-5,我喜歡的故事-兒童拼圖聖經,9789869929530,350,0
KIDSPUZZLE3-C,08-5,主耶穌的故事-兒童拼圖聖經,9789869929547,350,0
KIDSPUZZLE4-C,08-5,聖經中的英雄-兒童拼圖聖經,KIDSPUZZLE4,350,0
KIDSPUZZLE1-E,08-5,孩子的第一本-兒童拼圖聖經(英),9788772030005,350,1
KIDSPUZZLE2-E,08-5,我喜歡的故事-兒童拼圖聖經(英),9788772030012,350,0
KIDSPUZZLE3-E,08-5,主耶穌的故事-兒童拼圖聖經(英),9788772030029,350,1
KIDSPUZZLE4-E,08-5,聖經中的英雄-兒童拼圖聖經(英),9788772030036,350,0
9789861985664,07-1,恩典不虛傳(校園),9789861985664,400,0
9789861985589,07-1,聖經餐桌小旅行(校園),9789861985589,450,1
9789861985725,07-7,再思保羅稱義觀(校園),9789861985725,300,2
TD1328P,07-6,士師記-聖經註釋(天道),9789622083264,99,0
TD1365P,07-6,俄巴底亞約拿書-聖經註釋(天道),9789622089761,99,0
TD1360P,07-6,可以改絕版,9789622086708,99,0
TD1323P,07-6,雅各書-聖經註釋(天道),9789622082731,99,0
8132,08-2,我的迷你聖經貼紙書(中主),4990004013051,300,1
CAT8904,01,聖經-新普及譯本皮面(漢語),9789625139043,1000,0
PH02,05-1,獻新歌給榮耀主-李佳恩作品集1,9789867893963,250,0
714,12,禮券,714,-50,42406
CU83AGBU,01,大字版金邊漆布聖經藍皮,9789866674914,600,0
CHT0079,08-1,耶穌傳奇一生連環圖小說(漢語),9789888469079,550,0
CHT0109,08-1,耶穌是誰？(漢語),9789888469109,650,0
CHT0966,08-1,追蹤耶穌降生之旅(漢語),9789888286966,750,0
CHT0713,08-1,兒童聖經故事365(漢語),9789888286713,960,0
9789888250486,07-5,基督教神學發展史(4)(宣道),9789888250486,910,2
TD4301,07-1,情理兼備讀經法(天道),9789622088573,99,0
CCT1174,01,靈修版紅皮拉鍊聖經(漢語),9789625131740,1900,2
9789861985060,07-5,基督教要義輕鬆讀(校園),9789861985060,900,1
CHT0086,08-1,走進耶穌的時代(漢語),9789888469086,570,1
471A,08-4,因為我愛你(道聲繪本),9789570368222,200,1
486,08-4,地球的禱告(道聲繪本),9789570368505,220,1
9789623991957,08-3,少年的祈禱(校園)(海天),9789623991957,440,1
9789861985350,07-4,在巴比倫上大學(校園),9789861985350,300,1
715,12,office365(套),715,3000,87
H54,05-1,樂譜/獻我一生,H54,10,1473
H55,05-1,樂譜/永遠愛你,H55,10,1586
H56,05-1,樂譜/全能的神,H56,10,1535
H57,05-1,樂譜/為主多努力,H57,10,1587
H58,05-1,樂譜/主在我身旁,H58,10,1309
H59,05-1,樂譜/精兵每戰必勝,H59,10,1588
H60,05-1,樂譜/到我這裡來,H60,10,1576
H61,05-1,樂譜/哈巴谷之禱,H61,10,1352
H62,05-1,樂譜/歸向主，我心安樂,H62,10,1591
H63,05-1,樂譜/帶領我路,H63,10,1588
H64,05-1,樂譜/聽!救主呼召,H64,10,1590
H65,05-1,樂譜/Gift of Love,H65,10,1316
H66,05-1,樂譜/神同在,H66,20,1305
H67,05-1,樂譜/八福頌,H67,10,1541
H68,05-1,樂譜/心靈安慰,H68,10,1583
H69,05-1,樂譜/永遠所在,H69,10,1586
H70,05-1,樂譜/向山舉目,H70,10,1577
H71,05-1,樂譜/沙崙玫瑰,H71,10,1575
H72,05-1,樂譜/走在十字路,H72,10,1578
H73,05-1,樂譜/走在主路上,H73,10,1564
H74,05-1,樂譜/奇妙恩典,H74,10,1583
H75,05-1,樂譜/非主莫屬,H75,10,1589
H76,05-1,樂譜/活著親像在天堂,H76,10,1586
H77,05-1,樂譜/耶穌常可靠,H77,10,1580
H78,05-1,樂譜/耶穌喚你快回家,H78,10,1586
H79,05-1,樂譜/嗯免驚,H79,10,1534
H80,05-1,樂譜/跟隨主腳步,H80,10,1586
H81,05-1,樂譜/親愛的寶貝,H81,10,1329
CHT0345,08-1,睡前聖經小故事(漢語),9789888469345,640,0
FGK2501,09-2,經文慰問卡(四季),4713027293626,25,12
9789861984797,07-6,加拉太書點燃福音爆炸力(校園),9789861984797,280,1
PG05,09-1,五大教義L夾-洗禮,4711607050201,15,281
PG06,09-1,五大教義L夾-洗腳禮,4711607060200,15,71
PG08,09-1,五大教義L夾-安息日,4711607040202,15,294
PG09,09-1,五大教義L夾-聖靈,4711607030203,15,745
9789869369336,07-4,有誰聽到座頭鯨在唱歌(張文亮),9789869369336,300,0
CFT0178,07-4,聖經的文化世界(漢語),9789888469178,1000,1
CM30,02-3,日夜流淌心中的甘泉(林慧瑛著),9789869683609,400,17
H000,05-1,讚美詩小幫手(司琴/領詩),4718000200004,2,126
E123-8,06-2,祂以慈愛牽我手CD(箴言詩篇聖樂,4711123082007,49,333
CAT8951,01,新普及譯本粉紅色硬面,9789888469512,1100,0
CAT8950,01,新普及譯本灰色硬面,9789888469505,1100,1
CHT0369,08-1,聖經逐卷探(漢語),9789888469369,850,0
CHT0222,08-1,走進聖經的時代(漢語),9789888469222,570,1
843,08-4,天亮之前(道聲繪本),9789864001811,280,1
853,08-4,寵物爸爸(道聲繪本),9789864002108,280,2
858,08-4,走出森林的小紅帽(道聲繪本),9789864002184,300,1
ESV/CUNP63DI,01,ESV/新標點和合本對照聖經,9789866674594,900,2
DH018,08-5,冬瓜奶奶有法寶(宇宙光繪本),9789577273208,250,0
OD002,08-5,羊咩咩不見了(宇宙光繪本),9789577275028,280,0
FD003,07-5,神聖的遺忘(宇宙光),9789577275240,550,1
VD009,07-4,汪汪幸福學(宇宙光),9789577275370,340,0
LLP264,07-5,拆壁重修-宗教改革(基道),9789624575620,570,1
CFT0751,07-5,歐洲宗教改革歷史地圖集(漢語),9789888286751,960,0
CHT0683,08-1,大衛與歌利亞大搜尋(漢語),9789888286683,250,2
CHT0676,08-1,挪亞方舟大搜尋(漢語),9789888286676,250,0
8391,08-2,最好的禮物(宗教教育中心),9789624882735,200,2
8941,08-2,亞伯拉罕信心之父(繪本)(中主),9789624884722,380,1
0876,08-2,誰才是森林之王(繪本)(中主),9789575504922,260,5
8327,08-2,綠林小子(宗教教育中心),9789624882087,200,1
8522,08-2,奇妙的創造(宗教教育中心),9789624881035,380,0
8855,08-2,認識耶穌接龍卡桌遊(中主),4895045901117,350,6
8854,08-2,聖經故事記憶卡桌遊(中主),4895045901100,350,0
0505,07-6,聖經中所有的神蹟(中主),9789575503352,800,1
9789624881349,08-2,奇妙的耶穌(宗教教育中心),9789624881349,380,1
GKCHINADIC,07-4,新約希漢簡明字典,4714140501506,300,2
CONCISEDIC,07-4,聖經簡明詞典,4714140300505,300,2
BA005,07-2,因為愛，所以有了黑眼圈(格子),9789869211680,320,1
BI004,07-2,咦？不是你去刷馬桶嗎(格子外面),9789869211666,320,1
CM007,07-5,穿越時空看聖經(格子外面),9789869034340,250,2
SB004,08-5,豆豆的尾巴(格子外面繪本),9789868729957,260,2
SB002E,08-5,小魯的生日禮物(格子外面繪本),9789868553552,250,1
FB017,07-4,日本冬季行旅(宇宙光),9789577275561,330,0
H82,05-1,樂譜/全心全意WithAllYourHeart,H82,10,957
PG11,09-1,腓利門讚美詩布套,4712271250119,200,32
PB16,09-1,單肩包-粉粉紅,9879865177346,399,0
C257,02-1,教義比較增訂版(謝順道著),9789869655736,500,234
D009,02-1,約拿的故事(沙總製作),4710151401088,125,352
9789861983998,07-1,不再是我(校園),9789861983998,360,1
S011-7,04-2,離道者版勸慰詞(含信封),S011-7,30,348
M05,03-2,福音記憶卡/杭慧娟的生命見證,M05,3,-50
M06,03-2,福音記憶卡/劉治秀的生命見證,M06,3,-48
M07,03-2,福音記憶卡/劉一正的生命見證,M07,3,-100
M08,03-2,福音記憶卡/蕭仲伯的生命見證,M08,3,-79
C258,02-1,靈糧分享-保羅的書信(謝溪海著),9789869655750,250,564
TEV/TCV53DI,01,現代中文英文對照中型硬面聖經,9789570472578,700,0
HGP01,07-5,聖經家譜海報(迦樂國度),4750045945014,500,0
604,08-4,阿松爺爺的柿子樹(道聲繪本),9789867460967,240,1
612,08-4,艾文的帽子(道聲繪本),9789866735110,240,2
666-1,08-4,大熊的訪客(道聲繪本),4711158892510,300,2
758,08-4,亨利的地圖(道生繪本),9789865809713,260,2
793,08-4,綿羊王路易一世(道聲繪本),9789864000920,300,1
831,08-4,夏綠蒂的撲滿(道聲繪本),9789864001736,280,2
864,08-4,口罩(道聲繪本),9789864002290,280,2
H83,05-1,樂譜/主是我的避難所,H83,20,902
H84,05-1,樂譜/獻新歌給榮耀主,H84,20,965
H85,05-1,樂譜/以馬內利，懇求降臨,H85,20,976
H86,05-1,樂譜/願主賜平安PEACE BE WITH U,H86,20,972
H87,05-1,樂譜/交託,H87,20,1011
H88,05-1,樂譜/平靜風和海,H88,20,1043
H89,05-1,樂譜/神，同在,H89,20,1054
H90,05-1,樂譜/那聖者說,H90,20,1061
H91,05-1,樂譜/主愛臨我（奇異恩典）四部,H91,20,943
H92,05-1,樂譜/主愛臨我（奇異恩典）女聲2,H92,20,1045
H93,05-1,樂譜/主慈懷,H93,20,972
H94,05-1,樂譜/神，開路,H94,20,775
H95,05-1,樂譜/因你，有盼望,H95,20,818
H96,05-1,樂譜/永恆的愛,H96,20,793
H97,05-1,樂譜/定睛眷顧,H97,20,892
H98,05-1,樂譜/IN MY MIND,H98,10,1064
H99,05-1,樂譜/一步一步走,H99,10,1085
H100,05-1,樂譜/安息聖日,H100,10,1075
H101,05-1,樂譜/盼望復活頌,H101,20,1036
H102,05-1,樂譜/你要認識神,H102,10,1075
H103,05-1,樂譜/耶穌的愛跟隨我,H103,10,1063
H104,05-1,樂譜/耶穌是否仍然看顧,H104,10,902
H105,05-1,樂譜/耶穌是救主,H105,10,1086
H106,05-1,樂譜/風在吹,H106,10,1082
H107,05-1,樂譜/神的愛-暫停販售,H107,10,1088
H108,05-1,樂譜/敬虔的人生,H108,10,1086
H109,05-1,樂譜/萬主之主,H109,10,1087
H110,05-1,樂譜/聖靈替我們到禱告,H110,10,1084
H111,05-1,樂譜/天父必賞賜,H111,10,1063
H112,05-1,樂譜/思念錫安,H112,10,1083
H113,05-1,樂譜/堅定所信的道,H113,10,1078
H114,05-1,樂譜/平安的路,H114,10,1077
H115,05-1,樂譜/歡喜走天路,H115,10,1085
715-1,12,office365(一台),715-1,600,287
845,08-4,遞送瓶中信的人(道聲繪本),9789864001996,300,2
865,08-4,理髮師學禱告(道聲繪本),9789864002443,300,1
875,08-4,愛(寶貝心/道聲),9789864002566,150,2
873,08-4,天父(寶貝心/道聲),9789864002627,150,4
876,07-4,聖潔性戀(道聲),9789864002603,380,1
CU67AZRD,01,中型皮面拉鍊聖經(紅),9789866674792,1100,2
PE02,06-2,獻新歌給榮耀主專輯(碧候詩班),4711605012508,49,137
CM31,02-3,牧會默觀(翁正晃著)(迦密),9789869066891,260,45
GMK016,05-2,馬可海斯鋼琴小品集2(匯恩),GMK016,350,0
9789861986906,07-1,厭世代的工作成長學(校園),9789861986906,350,1
GMC003,05-2,讚美的時刻-基督的一生(匯恩),GMC003,180,0
CU52ABU,01,輕便型膠皮聖經(藍),9789570472097,330,29
S016C,04-2,喪禮綢布,S016C,3000,0
P4,09-1,紙捲油蠟筆(黃),4711093250277,20,166
SE005,07-3,好老師會做的20件事(格子外面),9789868866799,360,2
COUNT/TCV263DI,01,鄒語新約硬面聖經,9789866674433,600,0
TCV19SB,01,現代中文譯本研讀本(聖經公會),9789869632270,1900,5
CCT12666,07-6,聖經考古研讀版-福音書/徒(漢語),9789888469666,1100,0
CHT0598,08-1,願君王快來-用主禱文禱告(漢語),9789888469598,430,1
CHT0659,08-1,小寶貝童謠聖經(漢語),9789888469659,650,0
CHT0604,08-1,上帝奇妙聖言轉印貼紙書(漢語),9789888469604,650,2
CHT0697,08-1,孩子的生命疑問(漢語),9789888469697,1000,1
837,08-4,你很特別-幼兒紙板書(道聲),9789864001767,220,1
589,08-4,爸爸的圖畫書(道聲繪本),9789867460752,240,0
802,08-4,在我離開之前(道聲繪本),9789864001187,270,2
881,08-4,噓！(道聲),9789864002610,300,2
8531,07-5,聖經知識庫3-聖經地圖新版(中主),9789624883497,260,0
FIK2501,09-2,經文邀請卡(四季),4713027326645,25,17
8147,01,法文膠皮聖經(聖經公會),9782853002943,700,0
8173,01,西班牙文硬皮附次經(聖經公會),9788481697773,1100,2
8532,07-5,聖經知識庫1-聖經指引(中主),9789624881042,200,1
8506,07-5,聖經知識庫10-舊約考古學(中主),9789624884807,295,1
8507,07-5,聖經知識庫11-新約考古學(中主),9789624884814,295,2
8643,07-5,聖經知識庫12-耶路撒冷今昔(中主,9789624881738,210,1
8297,07-5,聖經知識庫13-從會幕到聖殿(中主,9789624883503,260,2
8508,07-5,聖經知識庫14-耶穌生平(中主),9789624884784,295,2
8509,07-5,聖經知識庫15-使徒保羅(中主),9789624884715,295,1
8560,07-5,聖經知識庫2-聖經歷史提要(中主),9789624881745,210,0
8296,07-5,聖經知識庫5聖經人物知多少(中主,9789624883190,260,2
8766,07-5,聖經知識庫4聖經時代的生活(中主,9789624882247,210,1
8488,07-5,聖經知識庫6-聖經小發現(中主),9789624883206,260,1
8487,07-5,聖經知識庫7-舊約提要(中主),9789624883183,260,1
8520,07-5,聖經知識庫8-新約提要(中主),9789624883053,260,0
8505,07-5,聖經知識庫9-死海古卷(中主),9789624884791,295,2
C260,02-1,杏樹枝11(徒-腓),9789869770071,300,493
H116,05-1,樂譜/感謝,H116,20,462
H117,05-1,樂譜/百合花/賴芷媛,H117,20,944
H118,05-1,樂譜/呼求者的禱告,H118,20,555
H119,05-1,樂譜/疲乏者的禱告,H119,20,1276
H120,05-1,樂譜/惟有主能救我,H120,20,685
MAX001,09-3,中英聖經索引標籤-花朵(華宣),4713008136782,50,25
MAX002,09-3,中英聖經索引標籤-童趣(華宣),4713008136799,50,20
0003-1,12,KOBO電子書,,0,92
0003-2,12,GOOGLE電子書,,0,88
0003-3,12,電子書版稅,,0,97
8154,08-2,翻翻小聖經(中主),9789624887655,300,-1
9789576937934,07-1,大自然療癒花園(張老師文化),9789576937934,150,3
9789869777858,07-4,香港人2.0(真哪噠),9789869777858,240,4
PH03,05-1,永存的冠冕-李佳恩作品集2,9789869770088,250,94
A53TW1515,07-3,晚雨聖靈(葉先秦著)華宣/文藝,9789866131530,440,0
026-1,12,圖書,,0,-2
PG12,09-1,靈言禱告簡介L夾/男孩,4711607120102,15,406
PG13,09-1,靈言禱告簡介L夾/女孩,4711607130101,15,135
S041D,09-1,汽車貼紙-基督裡有平安,4711904140308,30,137
BK006,07-1,我的限制級人生(格子外面),9789869716871,360,1
9789576935275,07-1,此刻有你真好(張老師),9789576935275,220,1
M09,03-2,福音記憶卡/陳誕華的生命見證,M09,3,-49
M10,03-2,福音記憶卡/吳永光的生命見證,M10,3,-40
M11,03-2,福音記憶卡/徐慧瓊的生命見證,M11,3,-31
M12,03-2,福音記憶卡/林麗貞的生命見證,M12,3,-32
079-1,12,健豪印刷品,,0,28
1000,12,文具用品,,0,1
9789623991278,08-3,我的小聖經(校園)(海天),9789623991278,580,3
VB015,07-1,正向幸福學(宇宙光),9789577275615,350,2
9789861987149,07-1,情緒的鏡子(校園),9789861987149,280,2
VIB1001,09-3,動物卡裝迴紋針(華宣),4713008136560,39,10
9789576938030,07-1,重塑新生命(張老師文化),9789576938030,150,3
CAT6680,01,新漢語譯本註釋新約聖經(漢語),9789888469680,730,1
FKP008,09-2,經文燙金書卡(四季),4713027334275,15,-1
889,07-2,一家之主(道聲),9789864002818,380,1
892,08-4,文森回家了(道聲繪本),9789864002931,300,1
CCT12741,07-5,聖經考古研讀版-保羅書信(漢語),9789888469741,870,0
CHT0673,08-1,我的聖經小寶箱/挪亞方舟(漢語),9789888469673,1000,0
CHT0642,08-1,我的聖經小寶箱/耶穌降生(漢語),9789888469642,1000,0
CCT12772,07-6,聖經考古研讀-大公書信/啟(漢語),9789888469772,590,1
21368,07-5,簡明聖經史地圖解(橄欖)(華宣),9789575567675,1800,0
RVV052,01,越南文膠皮聖經(聖經公會),9788941294276,600,0
321,09-4,大經句牌-基督我家之主(申嘉圓框,4713210005906,650,0
PG15,09-1,杏樹枝藏書盒,PG15,0,277
9789861987347,07-1,瘟疫有藍天(校園),9789861987347,99,0
901,08-4,感謝(寶貝心/道聲),9789864002979,150,2
CCT12390,07-6,聖經考古研讀版-出埃及記(漢語),9789888469390,480,1
9789861987354,05-2,司琴天梯123-練習導引(校園),9789861987354,550,3
S045B,04-1,大跪墊(迦密),S045B,250,17
CUNPSB570A36,07-6,帖撒羅尼迦前後書研讀本,9789869877022,210,3
PG17,09-1,腓利門驚喜包,4713008135723,499,0
PG16,09-1,亞伯拉罕的信心之旅-桌遊,4711607123998,199,474
NT500,12,振興券500,nt500,500,100
NT200,12,振興券200,nt200,200,100
H124,05-1,樂譜/永存的冠冕(Bb major),H124,20,1827
H125,05-1,樂譜/聖殿的榮美,H125,20,1841
788,08-4,情緒(道聲繪本),9789864000647,300,0
903,07-2,青春的契機(道聲),9789864002672,320,0
481-2,08-4,愛你本來的樣子(道聲繪本),9789864003488,280,1
9789861986838,07-7,先知神學(校園),9789861986838,950,1
BK009,07-1,為愛做點傻事(格子外面),9789869885102,320,0
BA006,07-1,快樂教養(格子外面),9789869716840,260,1
0896,08-2,認識自己/我的第一套繪本(中主),9789575505172,750,1
CM033,09-5,五餅二魚織花領帶－深藍(宇宙光),4710716970097,390,3
CM029,09-5,五餅二魚織花領帶－紅色(宇宙光),4710716970080,390,2
CM125,09-5,五餅二魚織花領帶－藍金(宇宙光),4710716970981,390,4
CM058,09-5,五餅二魚織花領帶－金色(宇宙光),4710716970103,390,3
NKR72TH,01,韓文聖經(聖經公會),978894122484,500,1
TB052TI,01,印尼文索引聖經(聖經公會),9789794631836,400,1
9789864003013,08-4,王子與毒杯(道聲繪本),9789864003013,300,2
9789864002726,08-4,光明之子(道聲繪本),9789864002726,300,1
S030B,02-2,傳單折工(整批),,0,7
PG03-1,09-1,鴿子雷雕領帶夾-LOVE,4713027003690,200,0
C262,02-1,唯一的救主耶穌(順道文集15),9789869885034,200,581
05339,07-1,我為什麼是我?(華宣),9789575568887,380,1
8856,08-2,耶穌圖解百科(中主),9789624883909,650,2
9789864759200,07-6,圖解舊約新約聖經(綠竹林),9789864759200,400,7
8538,08-2,穿梭聖經小偵探(中主),9789624886689,315,1
A1706,07-5,教會史是如何煉成的?(校園),9789861987545,300,1
H127,05-1,樂譜/主耶穌在呼召,h127,20,1832
102-1,12,支付宣道處(抵貨款用),,0,99
C264,02-1,新歌背後的樂章(李佳恩著),9789869885058,250,643
S046F,09-1,A5公益筆記本,4711904660004,25,1980
PG18,09-1,大發熱心碰碰碰-桌遊,4711607181509,150,247
H018,05-1,德文五線譜469首讚美詩,4718018002805,350,16
PG07,09-1,五大教義L夾-聖餐禮,4711607070209,15,-15
624,08-4,山丘上的石頭(道聲繪本),9789866735219,240,0
631,08-4,永遠在一起(道聲繪本),9789866735530,240,2
9789575503468,07-6,聖經中所有的應許(中主),9789575503468,800,2
9789575503338,07-6,聖經中所有的教義(中主),9789575503338,800,1
ZPOS-01,POS,折扣,ZPOS-01,0,0
ZPOS-02,POS,服務費,ZPOS-02,0,0
ZPOS-03,POS,訂金,ZPOS-03,0,0
ZPOS-04,POS,不分類商品,ZPOS-04,0,0
ZPOS-06,POS,加減項,ZPOS-06,0,0
ZPOS-07,POS,刷卡,ZPOS-07,0,0
ZPOS-08,POS,儲值金,ZPOS-08,0,0
ZPOS-13,POS,禮卷,ZPOS-13,0,-63
H128,05-1,樂譜/永恆的讚美,H128,20,1418
H129,05-1,樂譜/感謝你，陪著我,H129,20,1414
9789861987439,07-3,21世紀教牧倫理學(校園),9789861987439,500,2
05340,07-4,我為什麼是我?小組手冊(華宣),9789575568917,250,1
GMK010,05-2,象牙鍵上的素描(匯恩),GMK010,250,0
VA012,07-1,情緒，如何療癒(宇宙光),9789577275912,350,2
VA016,07-1,有愛，無癮(宇宙光),9789577275899,420,2
VA011,07-1,情緒傷害-讚美藝術篇(宇宙光),9789577274908,250,1
911,07-4,名字你以為你懂(道聲),9789864003136,260,1
8385,08-2,拉拉看-大衛與歌利亞(中主),9789624887693,380,1
8386,08-2,拉拉看-約拿與大魚(中主),9789624887716,380,2
8384,08-2,拉拉看-挪亞和動物(中主)(斷版),9789624887679,380,0
CUNP52ABU,01,新標點和合本膠皮聖經,9789867530110,370,3
D011,09-5,仁愛教會義賣錢包(大),4713027050014,250,5
D012,09-5,仁愛教會義賣包,4713027400109,600,6
VD010,07-1,減壓，從心開始(宇宙光),9789577275042,320,1
VB013,07-4,人際關係的14個祝福(宇宙光),9789577274526,240,2
VA009,07-1,情緒傷害(宇宙光),9789577274915,250,1
490A,08-4,禱告／寶貝心／英文版(道聲),9789570368840,120,0
H130,05-1,樂譜/我要能看見,H130,20,973
TW3770,09-3,信望愛折傘／藍色(華宣),4713008137376,199,0
TW3771,09-3,信望愛折傘／粉色(華宣),4713008137383,199,0
H131,05-1,樂譜/同心合意With One Accord,H131,20,851
H132,05-1,樂譜/至聖耶穌,h132,20,969
H133,05-1,樂譜/給雲霧的愛,h133,10,921
H134,05-1,樂譜/因主的慈愛,h134,10,925
H135,05-1,樂譜/耶穌是否仍然看顧我,h135,20,672
H136,05-1,樂譜/主的平安,h136,10,396
H137,05-1,樂譜/同走十架路,h137,20,791
H138,05-1,樂譜/因你是我一切所有,h138,20,958
H139,05-1,樂譜/宣揚耶穌,h139,20,958
H140,05-1,樂譜/祂看顧麻雀,h140,20,978
H141,05-1,樂譜/末日頌,H141,20,973
H142,05-1,樂譜/耶穌良牧,H142,10,988
H143,05-1,樂譜/遠方的守望,h143,40,973
H144,05-1,樂譜/耶穌是誰,h144,10,977
H145,05-1,樂譜/求主指引我路,h145,20,356
H146,05-1,樂譜/主啊，除你以外,h146,20,888
H147,05-1,樂譜/喜訊-合唱版,h147,20,904
H148,05-1,樂譜/滿有威榮的神,h148,20,936
H149,05-1,樂譜/團契,h149,10,879
H150,05-1,樂譜/詩篇之禱,h150,20,954
H151,05-1,樂譜/如鷹展翅,H151,20,833
H152,05-1,樂譜/耶和華是我牧者-佳恩版,H152,20,945
BC109,08-5,趣智兒童聖經(第二輯)(華宣)　,9789881789310,800,1
GMK017,05-2,交響式的聖詩鋼琴曲(匯恩),GMK017,250,3
GMK018,05-2,經典婚禮鋼琴曲奏樂曲集(匯恩),GMK018,250,3
9789861987682,07-1,一定要原諒嗎？(校園),9789861987682,300,1
9789861987859,07-1,瘟疫是讓人學習彼此相愛(校園),9789861987859,99,0
C267,02-1,神蹟的教訓(黃基甸著),9789869885089,250,460
C268,02-1,青心吐義1(青心吐義小組),9789860664409,250,534
C269,02-1,來自天國的WIFI(高春霖著),9789860664416,250,959
C270,02-1,路加福音的信息(林賢明著),9789869885096,350,455
CUNPSB570A40A,07-6,彼得前書研讀本(聖經公會),9789860626841,220,2
N028,09-5,通天塔-桌遊(道聲),4711198000036,880,1
N029,09-5,伯利恆之星-桌遊(道聲),4712946396630,980,1
FE004,07-1,少年荒漠甘泉(宇宙光),9789577274458,320,2
9789861987392,07-4,詩人與農夫(校園),9789861987392,900,1
608,08-4,蜉蝣的一天(道聲繪本),9789866735028,240,1
H00L,09-1,A5中型讚美詩保護套,h00l,15,0
H0XL,09-1,B5大字讚美詩保護套,h0xl,20,0
12058,11,112年教材費,12058,0,47
9789861988702,07-2,為青少年立界線(校園),9789861988702,480,2
A1343,07-6,擱淺的日子約伯記註釋(校園),9789861981901,380,1
925,08-4,奧莉薇心情變變變(道聲繪本),9789864003822,300,1
H156,05-1,樂譜／主在身邊,h156,10,969
H157,05-1,樂譜／刻在心版上,h157,20,964
9789861988894,07-6,對觀福音心理敘事研究(校園),9789861988894,380,0
9789861988931,07-6,詩篇是我的嚮導(校園),9789861988931,480,1
874,08-4,禱告(寶貝心/道聲),9789864003419,150,0
TTV63DICR,01,臺語漢羅對照硬面聖經(聖經公會),9789860669725,900,0
CUNP62ABR,01,新標點和合本膠皮聖經(咖啡),9789866674716,440,0
TTV67DIZFIB,01,臺語漢羅對照拉鍊聖經(聖經公會),9789860669749,1700,0
14000,03-2,分攤收入歸宣道處,,0,102
FBZ03-01,09-2,中英聖經索引標籤-符號(四季),4713027378477,50,26
VB001-2,07-1,黃金階梯(宇宙光),9789577273956,220,1
VA004-1,07-1,別跟過去過不去(新版)(宇宙光),9789577275172,260,1
H158,05-1,樂譜／伴我飛翔 (C大調),h158,20,922
H159,05-1,樂譜／祝福,h159,20,971
613,08-4,斷嘴鳥(道聲繪本),9789866735103,240,1
932,08-4,玉米麗子小姐的變身沙龍(道聲),9789864003921,280,1
NL,09-5,真艾飾品坊-項鍊,nl,1,94
806,08-4,杯杯英雄(道聲繪本),9789864001064,320,1
819,08-4,年糕去澡堂(道聲繪本),4711158863169,280,1
926,08-4,你是我的孩子(道聲繪本),9789570368536,240,1
H160,05-1,樂譜/一生約定,h160,20,861
A1750,07-1,慾望經濟學(校園),9789861989167,420,1
A1752,07-2,認罪很難，和好更難(校園),9789861989198,250,1
SR87ARTIZ4.101,01,灰咖金硬面索引大字聖經(聖資),9789860673012,1650,0
OIN102,09-3,百花/立鏡(華宣),4713008136515,199,0
OIN103,09-3,雛菊/立鏡(華宣),4713008136522,199,0
9789861989310,07-6,21世紀新約背景主題辭典(校園),9789861989310,3100,0
712-1,12,書籍,712-1,0,4773
CCT12095,07-5,聖經考古研讀版-五經(漢語),9789888733095,1100,1
C274,02-1,信仰的奧秘-順道文集16,9789860664478,200,691
C278,02-1,青心吐義2(青心吐義小組),9786269593613,250,711
C277,02-1,耶穌抵家-家庭祭壇實務分享,9786269593620,150,82
C275,02-1,教牧書信(蔡恆忠著),9789860664492,350,693
C276,02-1,如何戰勝苦難(張敏敏著),9786269593606,300,300
A1408A,07-2,聖經觀點的經濟學(校園),9789861988863,400,1
OIY007,09-3,面紙盒/恩典時刻(咖啡)(華宣),4713008135983,220,1
OIY009,09-3,面紙盒/喜樂歌頌(花紋)(華宣),4713008136034,220,0
C279,02-1,會幕的傳承(黃基甸著),9786269593637,250,559
RT0025A,07-6,新國際神學與釋義辭典新約(華宣),RT0025A,4500,0
0907,07-1,趁年輕時一定要大膽做的11個抉擇,9789575508500,280,1
5119,01,七十士譯本硬面(聖經公會),9783438051196,1800,0
CHT0293,08-1,漫畫聖經.中英對照(漢語),9789625132938,960,1
CCT1231,01,精裝靈修版聖經(漢語),9789625132310,1300,0
CK004,07-1,教練式領導(格子外面),9786269540860,360,1
0902,08-2,兒童愛之語(中主),9789575505332,280,1
C003,02-1,末世教會的覺醒(黃基甸著),9786269593668,250,549
945,08-4,記憶氣球(道聲繪本),9789864004225,380,1
ABE102,09-3,綠/Blessing/室外地墊(華宣),4713008138243,499,0
ABE103,09-3,灰/出入平安/室外地墊(華宣),4713008138250,499,0
ABE105,09-3,花/恩福臨門/室外地墊(華宣),4711342380793,499,0
ABE106,09-3,樹/出入平安/室外地墊(華宣),4711342380809,499,0
8959,08-2,翻翻聖經小故事(中主),9789624887655,380,2
P253,07-5,聖經衛星地圖(聖經公會),9786267223000,1000,3
C007,02-1,使徒行傳的信息(林賢明著),9786269593675,350,481
C009,02-1,5-3聖靈活動在教會歷史中的運作,9786269593699,500,145
CFT2310,07-6,以弗所書(漢語.國際釋經),9789625133102,640,0
TD1366P,07-6,彌迦書.那鴻書-聖經註釋(天道),9789622089129,99,0
SR57ARTI4.601,01,玫瑰金仿皮輕便型聖經(聖資),9786269581382,800,2
SR77ARTI4.604,01,雛菊白仿皮大字索引聖經(聖資),9786269650637,950,0
SR57ARTI2.601,01,星空白仿皮輕便型聖經(聖資),9786267287620,820,4
H176,05-1,樂譜／尋求（伴奏譜&單譜）,h176,20,934
H177,05-1,樂譜／詩篇23篇-Lanny,h177,20,956
H178,05-1,樂譜／永恆的盟約,h178,10,979
H179,05-1,樂譜／全知的主，我稱頌你!,h179,20,800
H180,05-1,樂譜／全備的愛(總譜+樂器),h180,30,909
H181,05-1,樂譜／婚約,h181,20,972
H182,05-1,樂譜／新婚頌主,H182,20,967
H183,05-1,樂譜／願聖靈感動你,h183,10,809
9789577326867,07-4,聖靈真見證冊校注(巨流),9789577326867,420,1
FDG2501-01,09-2,四季禱告簿-花鳥,4713027405807,25,1
GAT001,09-3,主話語書籤/喜樂的心(華宣),4711342382605,18,0
GAT002,09-3,主話語書籤/倚靠神(華宣),4711342382612,18,3
GAT005,09-3,主話語書籤/神的寶貝(華宣),4711342382643,18,0
GAT006,09-3,主話語書籤/互相效力(華宣),4711342382650,18,21
718,12,固定資產,718,0,-1
PG24,09-5,哈利路亞/以馬內利香磚(皂物主),4711607243900,399,1
ABH001,09-3,心田破冰卡-桌遊(華宣),4711342382902,250,5
C021,02-1,默想集1-順道文集(謝順道著),9786269698653,300,44
A1788,07-1,被遺忘的創世記(校園),9786267233597,330,1
GAV002,09-3,愛心_質感木框浮雕畫(華宣),4711342383152,990,0
GAV003,09-3,發光_質感木框浮雕畫(華宣),4711342383169,990,0
GAV004,09-3,帆船_質感木框浮雕畫(華宣),4711342383176,550,1
GAV005,09-3,禱告_質感木框浮雕畫(華宣),4711342383183,550,1
M053,07-6,讀經三部曲(校園),4711305319990,2300,0
C182,02-1,給爸媽的12堂聖經教養課(樸子),9786269698646,250,96
FH007,08-5,愛嚇人的刺刺(繪本)(宇宙光),9789577275059,280,1
W963B01,09-3,出入蒙福_壓克力鑰匙圈(絕版),4711342383190,69,5
W963B02,09-3,日常恩典_壓克力鑰匙圈(華宣),4711342383206,69,23
W963B03,09-3,移山信心_壓克力鑰匙圈(華宣),4711342383213,69,17
W963B04,09-3,馨香祝福_壓克力鑰匙圈(華宣),4711342383220,69,16
GAW001,09-3,質感毛氈杯墊組4入-綠,4711342383299,99,0
GAW002,09-3,質感毛氈杯墊組4入-紅,4711342383305,99,0
GAW003,09-3,質感毛氈杯墊組4入-灰,4711342383312,99,0
GAW004,09-3,質感毛氈杯墊組4入-咖,4711342383329,99,0
ABE104,09-3,紅/恩福臨門/室外地墊(華宣),4713008138267,499,0
HG014-1,09-5,出入平安鑰匙圈-城市(格子外面),8027268399007,200,2
HG014-2,09-5,出入平安鑰匙圈-戶外(格子外面),8027268399008,200,1
HG014-3,09-5,出入平安掛飾-城市款(格子外面),8027268399009,250,-1
HG014-4,09-5,出入平安掛飾-戶外款(格子外面),8027268399010,250,0
CT225,09-1,立可帶/滾輪修正帶(寧靜藍),4711734179905,40,15
CT225W,09-1,立可帶/滾輪修正帶(溫潤白),4711734179936,40,-4
CT225V,09-1,立可帶/滾輪修正帶(雅致紫),4711734179929,40,18
A1791,07-6,詩篇動起來!(校園),9786267233771,650,2
509-2,08-4,綠鼻子(道聲繪本),9789864004607,240,2
805-1,08-4,他們都看見了一隻貓(道聲繪本),9789864004676,360,1
KM1-1,03-1,幼兒班教員本1-1(宗教教育教材),km1-1,250,0
KM1-2,03-1,幼兒班教員本1-2(宗教教育教材),km1-2,250,5
KM1-3,03-1,幼兒班教員本1-3(宗教教育教材),km1-3,250,0
KM1-4,03-1,幼兒班教員本1-4(宗教教育教材),km1-4,250,-1
KM2-1,03-1,幼兒班教員本2-1(宗教教育教材),km2-1,250,-2
KE1-1,03-1,幼兒班習作本1-1(宗教教育教材),ke1-1,200,3
KE1-2,03-1,幼兒班習作本1-2(宗教教育教材),ke1-2,200,3
KE1-3,03-1,幼兒班習作本1-3(宗教教育教材),ke1-3,200,0
KE1-4,03-1,幼兒班習作本1-4(宗教教育教材),ke1-4,200,-1
KE2-1,03-1,幼兒班習作本2-1(宗教教育教材),ke2-1,200,29
KG1-1,03-1,幼兒班教具本1-1(宗教教育教材),kg1-1,450,0
KG1-2,03-1,幼兒班教具本1-2(宗教教育教材),kg1-2,450,4
KG1-3,03-1,幼兒班教具本1-3(宗教教育教材),kg1-3,450,0
KG1-4,03-1,幼兒班教具本1-4(宗教教育教材),kg1-4,450,0
KG2-1,03-1,幼兒班教具本2-1(宗教教育教材),kg2-1,450,48
KP1-1,03-1,幼兒班掛圖1-1(宗教教育教材),kp1-1,400,0
KP1-2,03-1,幼兒班掛圖1-2(宗教教育教材),kp1-2,400,0
KP1-3,03-1,幼兒班掛圖1-3(宗教教育教材),kp1-3,400,0
KP1-4,03-1,幼兒班掛圖1-4(宗教教育教材),kp1-4,400,0
KP2-1,03-1,幼兒班掛圖2-1(宗教教育教材),kp2-1,400,45
JM2-1,03-1,幼年班教員本2-1(宗教教育教材),jm2-1,250,0
JE2-1,03-1,幼年班習作本2-1(宗教教育教材),je2-1,200,36
JW2-1,03-1,幼年班學員本2-1(宗教教育教材),jw2-1,200,41
SM2-1,03-1,少年班教員本2-1(宗教教育教材),sm2-1,250,46
SE2-1,03-1,少年班習作本2-1(宗教教育教材),se2-1,200,28
SW2-1,03-1,少年班學員本2-1(宗教教育教材),sw2-1,200,29
OIY014,09-3,常常喜樂-加大面紙盒(華宣),4711342384203,220,0
FBZ03-02,09-2,中英聖經索引標籤-古卷(四季),4713027415585,50,25
BK016,07-1,高效能活力時鐘管理術(格子外面),9786269737529,360,2
TCV19PS63PU,01,現代中文注音硬面紫聖經,9786267223079,1000,0
TCV19PS63,01,現代中文注音硬面彩聖經,9786267223062,1000,0
CUNPSB570A29,07-6,羅馬書研讀本(聖經公會),9786267223093,420,2
RT0030A,07-6,新國際神學與釋義辭典舊約(華宣),RT0030A,9000,0
BH004,07-1,星期日，可以下雨(格子外面),9786269737543,350,2
GA01,02-2,福音小冊：認識真教會,4710701010050,6,793
GA02,02-2,福音小冊：真教會基本信仰實踐篇,4710701020059,6,528
GA03,02-2,福音小冊：真耶穌教會十大信條,4710701030058,6,215
GA04,02-2,福音小冊：這位神不一樣　　　　,4710701040057,6,552
GA05,02-2,福音小冊：信而受浸必然得救　　,4710701050056,6,1339
GA06,02-2,福音小冊：當守安息聖日,4710701060055,6,1179
GA07,02-2,福音小冊：受聖靈的重要,4710701070054,6,413
GA08,02-2,福音小冊：應許的聖靈,4710701080053,6,940
GB01,02-2,福音小冊：由懷疑到信仰,4710702010059,6,1272
GB02,02-2,福音小冊：神創造新天地　　　　,4710702020058,6,0
GB03,02-2,福音小冊：你的信救了你　　　　,4710702030057,6,407
GB04,02-2,福音小冊：耶穌是誰?　　　,4710702040056,6,18
GB05,02-2,福音小冊：耶穌救我　　　　　　,4710702050055,6,798
GB06,02-2,福音小冊：祈禱的功效,4710702060054,6,508
GB07,02-2,福音小冊：當思念人生的結局　　,4710702070053,6,1669
GB08,02-2,福音小冊：兩種拜神的人,4710702080052,6,1538
GB09,02-2,福音小冊：為什麼要信耶穌,4710702090051,6,1089
GB10,02-2,福音小冊：耶穌是救主,4710702100057,6,1083
GB11,02-2,福音小冊：您有何盼望　　　　　,4710702110056,6,1730
GB12,02-2,福音小冊：認識真神必得平安,4710702120055,6,770
GB13,02-2,福音小冊：論拜祖先,4710702130054,6,936
GB14,02-2,福音小冊：邁向永恆　　　　　　,4710702140053,6,1089
GC01,02-2,福音小冊：我如何歸入真教會　　,4710703010058,6,610
GC02,02-2,福音小冊：主恩臨我家,4710703020057,6,733
SM2-2,03-1,少年班教員本2-2(宗教教育教材),sm2-2,250,17
SE2-2,03-1,少年班習作本2-2(宗教教育教材),se2-2,200,19
SW2-2,03-1,少年班學員本2-2(宗教教育教材),sw2-2,200,18
JM2-2,03-1,幼年班教員本2-2(宗教教育教材),jm2-2,250,19
JE2-2,03-1,幼年班習作本2-2(宗教教育教材),je2-2,200,19
JW2-2,03-1,幼年班學員本2-2(宗教教育教材),jw2-2,200,18
KP2-2,03-1,幼兒班掛圖2-2(宗教教育教材),kp2-2,400,16
KG2-2,03-1,幼兒班教具本2-2(宗教教育教材),kg2-2,450,18
KM2-2,03-1,幼兒班教員本2-2(宗教教育教材),km2-2,250,8
KE2-2,03-1,幼兒班習作本2-2(宗教教育教材),ke2-2,200,9
PG25,09-1,愛滿溢紅包袋(五入),4711607251202,99,147
W899E07,09-3,常常喜樂-花卉洗碗棉(華宣),4711342385019,39,5
W899E08,09-3,喜樂滿足-花卉洗碗棉(華宣),4711342385026,39,2
W899E09,09-3,平安喜樂-花卉洗碗棉(華宣),4711342385033,39,-2
W899E10,09-3,喜樂泉源-花卉洗碗棉(華宣),4711342385040,39,3
W899E11,09-3,靠主得力-洗碗棉(華宣),4711342385293,39,0
W899E12,09-3,哈利路亞-洗碗棉(華宣),4711342385309,39,3
W899E13,09-3,得力在你-小花洗碗棉(華宣),4711342385316,39,0
W899E14,09-3,安息在你-小花洗碗棉(華宣),4711342385323,39,0
CHT0291,08-1,神奇水筆繪本-挪亞方舟(漢語),9789888469291,340,0
CHT0314,08-1,神奇水筆繪本-耶穌的神蹟(漢語),9789888469314,340,2
CCT12981,01,和合本.研讀本皮面聖經(漢語),9789625139814,1800,1
CM021,07-1,無條件愛人有條件離開(格子外面),9786269737550,380,1
M324,01,啟導本增訂新版-精裝(海天)-校園,9789623992657,2200,3
PB33,09-1,DEAR LORD手提袋(小),4711623300151,15,2727
PB34,09-1,DEAR LORD手提袋(大),4711623400301,30,33
5298,07-6,聖經家族樹/身高尺(中主),4990000007825,180,2
00116,07-6,分類經文彙編(華宣),9786267451007,350,1
S075Y,04-1,真耶穌教會名牌帶-黃色,S075Y,15,90
S075G,04-1,真耶穌教會名牌帶-綠色,S075G,15,62
S075O,04-1,真耶穌教會名牌帶-橘色,S075O,15,139
S075B,04-1,真耶穌教會名牌帶-藍色,S075B,15,237
S075V,04-1,真耶穌教會名牌帶-紫色,S075,15,74
S075P,04-1,真耶穌教會名牌帶-桃色,S075P,15,147
GBB001,09-3,愛心／軟膠隔熱墊(華宣),4711342384982,120,1
GBB002,09-3,小花／軟膠隔熱墊(華宣),4711342384999,120,1
GMK022,05-2,崇拜前禱曲(匯恩),gmk022,250,0
VA002-1,07-2,即使分手，也要勇敢向前(宇宙光),9789577276346,360,1
SR87ARTIZ4.601,01,青綠幾何拉鍊索引大字聖經(聖資),9786267287156,1650,0
CUP05B,09-5,冰霸杯(小/黑)(六月夏天),4710321160517,350,1
CUP05W,09-5,冰霸杯(小/奶白)(六月夏天),4710321160524,350,1
A1810,08-3,與孩子一起立界線(校園),9786267385531,420,1
S031H,12,郵資(黑貓宅到店/黑貓宅配),S031H,100,-108
BJ003,09-3,燙金線裝筆記本(山脈/墨綠)-華宣,957995839,70,0
BJ004,09-3,燙金線裝筆記本(帳篷/深棕)-華宣,957995840,70,4
BJ005,09-3,燙金線裝筆記本(珍奶/牛皮)-華宣,957995841,70,0
CUP06,09-5,雙層不鏽鋼馬克杯(六月夏天),4710032116063,250,2
ESV042,01,ESV硬面中型聖經(聖經公會),9780564081172,800,3
PG26-1,09-1,真耶穌教會全臺分佈圖(雪銅紙),4711672611000,100,22
PG26-2,09-1,真耶穌教會全臺分佈圖(PP相紙),4711672621504,150,11
FSC002-01,09-2,經文小書籤-典雅(四季),4713027423191,40,16
FSC002-02,09-2,經文小書籤-可愛(四季),4713027423207,40,24
FSC001-01,09-2,經文彩透書籤-十字架(四季),4713027423177,15,33
FSC001-02,09-2,經文彩透書籤-禱告(四季),4713027423184,15,23
FSC003-01,09-2,經文大書籤-典雅(四季),4713027423214,30,24
9786263057678,07-1,過曝世代(親子天下),9786263057678,400,0
TR00308,07-1,與聖經有約(華宣),9789860617627,399,0
C282,02-1,出埃及記要訓(陳恆道著),9786269793648,400,680
SW2-4,11,少年班學員本2-4(宗教教育教材),sw2-4,200,5
JM2-4,11,幼年班教員本2-4(宗教教育教材),jm2-4,250,5
JE2-4,11,幼年班習作本2-4(宗教教育教材),je2-4,200,3
KP2-4,11,幼兒班掛圖2-4(宗教教育教材),kp2-4,400,1
KG2-4,11,幼兒班教具本2-4(宗教教育教材),kg2-4,450,3
KM2-4,11,幼兒班教員本2-4(宗教教育教材),km2-4,250,-4
KE2-4,11,幼兒班習作本2-4(宗教教育教材),ke2-4,200,5
JW2-4,11,幼年班學員本2-4(宗教教育教材),jw2-4,200,4
OCJ1006,09-3,白熊粉藍色伸縮筆袋(華宣),4711342381523,199,0
OCJ1009,09-3,新晨(黃色)伸縮筆袋(華宣),4711342385538,199,0
OCJ1010,09-3,智慧(咖啡)伸縮筆袋(華宣),4711342385545,199,0
CHT0033,08-2,約拿和大魚大搜尋(漢語),4711015013003,250,0
CHT0019,08-1,但以理和獅子大搜尋(漢語),9789888733019,250,2
8997,08-2,童唸金句-幼兒聖經故事(中主),9789624888195,380,1
FG035-01,09-2,汽車掛飾-祈禱(四季),4713027424785,190,10
FG035-02,09-2,汽車掛飾-愛心(四季),4713027424792,190,11
FG035-03,09-2,汽車掛飾-十架(四季),4713027424808,190,12
FG035-04,09-2,汽車掛飾-鴿子(四季),4713027424815,190,7
C283,02-1,5-4教會歷史的進程與落實,9786269793662,500,292
9789861989723,07-2,濃情蜜意(校園),978986198723,320,1
C284,02-1,走入信仰的深處(洪明道),9786269793693,300,685
C285,02-1,以斯帖記講壇(黃基甸),9786269793655,350,751
C286,02-1,石頭的祈禱-繪本,9786269793679,350,374
9781932184631,07-4,聖經希臘文基礎：課本(麥種),9781932184631,850,0
9781951456016,07-4,聖經希臘文基礎：動詞觀點(麥種),9781951456016,400,0
9781951456221,07-4,新約希臘文進深(麥種),9781951456221,1450,0
503-3,08-4,敵人派(道聲繪本),9789864004737,280,2
S006A-1,04-1,小不鏽鋼聖餐杯盤（含中板）,S006A-1,600,78
GBG001,09-3,愛的旋律/留言夾(華宣),4711342385606,79,15
GBG002,09-3,禱告的熊/留言夾(華宣),4711342385613,79,13
GBG003,09-3,喜樂畫夾/留言夾(華宣),4711342385620,79,13
GBG004,09-3,耶穌愛你/留言夾(華宣),4711342385637,79,13
CRL0201,09-3,喜樂的心_明信片(含信封)(華宣),957995881,35,0
CRL0202,09-3,倚靠神_明信片(含信封)(華宣),957995882,35,0
CRL0203,09-3,世上的光_明信片(含信封)(華宣),957995883,35,3
CRL0204,09-3,慈愛常存_明信片(含信封)(華宣),957995884,35,0
CRL0206,09-3,互相效力_明信片(含信封)(華宣),957995886,35,0
CRL0207,09-3,主是真光_明信片(含信封)(華宣),957995887,35,2
MAY211,09-3,手黃_壓克力磁鐵(華宣),4711342385453,59,0
MAY212,09-3,鴿子紫_壓克力磁鐵(華宣),4711342385460,59,5
MAY213,09-3,山脈綠_壓克力磁鐵(華宣),4711342385477,59,12
MAY214,09-3,帆船灰_壓克力磁鐵(華宣),4711342385484,59,0
PG29-3,09-1,十誡帆布畫(中文版),PG29-3,290,10
PG29-4,09-1,十誡帆布畫(英文版),PG24-4,290,1
KMU1-1,03-1,幼兒班詩歌本1-1(宗教教育教材),kmu1-1,150,-2
PB35,09-1,杯袋—旋律鴿,4711623500995,99,1
PB36,09-1,杯袋—沉睡羊,4711623600992,99,13
PB37,09-1,杯袋—等候鷹,4711623700999,99,21
LT400,09-1,龍潭建堂奉獻-慈繩愛索400,4710012204001,400,5
LT500,09-1,龍潭建堂奉獻-慈繩愛索500,4710012205008,500,7
SR57ARTIZ9P,01,婚禮聖經禮盒(橘/藍)(華宣),4711342385682,2200,1
JHT1-1,03-1,國中班詩歌教員本1-1(宗教教育),jht1-1,150,5
JHS1-1,03-1,國中班詩歌學員本1-1(宗教教育),jhs1-1,150,5
GAX005,09-3,世上的光：壓克力吊飾(華宣),4711342386214,79,15
GAX006,09-3,持續禱告：壓克力吊飾(華宣),4711342386221,79,2
GAX007,09-3,神同在：壓克力吊飾(華宣),4711342386238,79,0
GAX008,09-3,神就是愛：壓克力吊飾(華宣),4711342386245,79,0
PRAY001,09-5,我的第一本禱告書(森日禮),PRAY001,120,3
PRAY002,09-5,我的第一本感謝書(森日禮),PRAY002,120,4
PRAY003,09-5,我的第一本祈求書(森日禮),PRAY003,120,3
PRAYSET001,09-5,禱告書套書(森日禮),4710474921010,330,0
NC003,09-5,簡約筆記本-玫瑰粉(森日禮),4711430031200,120,0
NC005,09-5,簡約筆記本-深海藍(森日禮),4711430051208,120,0
NC011,09-5,簡約筆記本-細雪白(森日禮),4711430111209,120,2
NC013,09-5,簡約筆記本-鵝軟石灰(森日禮),4711430131207,120,1
NC018,09-5,簡約筆記本-松花綠(森日禮),4711430181202,120,2
CF004,09-5,療癒卡片-早安晚安(森日禮),4713600400755,75,1
CF001,09-5,療癒卡片-找耶穌(森日禮),4713600100754,75,3
CF002,09-5,療癒卡片-敲敲門(森日禮),4713600200751,75,5
CB001,09-5,療癒卡片-萬物美好-草原(森日禮),4713200100758,75,0
CB002,09-5,療癒卡片-萬物美好-叢林(森日禮),4713200200755,75,0
CB003,09-5,療癒卡片-萬物美好-冰河(森日禮),4713200300752,75,2
NP002,09-5,繽紛筆記本Salt & Earth(森日禮),4711416002996,99,0
NP003,09-5,繽紛筆記本GodBlessYou(森日禮),4711416003993,99,0
NP004,09-5,繽紛筆記本Give thanks(森日禮),4711416004990,99,0
NP005,09-5,繽紛筆記本Extra Mile(森日禮),4711416005997,99,2
GS206,09-3,禱告狗香氛片(華宣),957995893,69,2
GS207,09-3,禱告熊香氛片(華宣),957995894,69,1
GS209,09-3,禱告刺蝟香氛片(華宣),957995896,69,0
CR0301,09-3,厚磅棉紙凸版卡片-粉(華宣),957995937,45,0
CR0302,09-3,厚磅棉紙凸版卡片-黃(華宣),957995938,45,0
CR0303,09-3,厚磅棉紙凸版卡片-綠(華宣),957995939,45,0
CR0304,09-3,厚磅棉紙凸版卡片-藍(華宣),957995940,45,0
H189,05-1,樂譜／一粒麥子,h189,20,930
H191,05-1,樂譜／栽在溪水旁,h191,10,974
H192,05-1,樂譜／神的時候,H192,20,904
H193,05-1,樂譜／神對我說,H193,20,724
H194,05-1,樂譜／任主差派,h194,20,972
H195,05-1,樂譜／耶穌愛我,h195,20,934
H196,05-1,樂譜／決心信靠(附兩聲部單譜),h196,20,841
H197,05-1,樂譜／恩雨已降(弦樂四重奏),h197,30,969
H198,05-1,樂譜／最美事奉,h198,20,824
H199,05-1,樂譜／順水行路,h199,20,965
H200,05-1,樂譜／愛拯救我,h200,20,941
H201-1,05-1,樂譜／聖靈頌-女聲二部版,h201-1,20,980
H201-2,05-1,樂譜／聖靈頌-混聲二部版,h201-2,20,974
H202,05-1,樂譜／我屬耶穌,h202,20,845
H203-1,05-1,樂譜/求主向我發言-小號管風琴版,h203-1,20,984
H203-2,05-1,樂譜/求主向我發言-弦樂鋼琴版,h203-2,30,943
PG30-4,09-1,鴿子棒球帽(彎帽沿/藏青藍),4711673042995,299,18
PG30-6,09-1,鴿子經典帽(平帽沿/藏青藍),4711673062993,299,0
PG30-3,09-1,鴿子棒球帽(彎帽沿/撞色藍),4711673032996,299,0
PG30-5,09-1,鴿子經典帽(平帽沿/撞色藍),4711673052994,299,0
PG30-2,09-1,鴿子棒球帽(彎帽沿/純淨白),4711673022997,299,-1
PG30-1,09-1,鴿子棒球帽(彎帽沿/奶油杏),4711673012998,299,21
PG30-7,09-1,鴿子棒球帽(彎帽沿/內斂黑),4711673072992,299,63
21345,07-5,聖經人地名意義彙編(華宣),9789575561307,280,1
21358,07-5,聖經動植物意義彙編(華宣),9789575564001,250,1
W960I02,09-3,平靜安穩/造型石頭燈(華宣),4711342388584,199,48
CU35ASTR,01,袖珍星光布面拉鍊聖經,9789867530851,700,38
SE3-2,11,少年班習作本3-2(宗教教育教材),se3-2,200,4
SW3-2,11,少年班學員本3-2(宗教教育教材),sw3-1,200,5
JM3-2,11,幼年班教員本3-2(宗教教育教材),jm3-1,250,4
JE3-2,11,幼年班習作本3-2(宗教教育教材),je3-2,200,3
JW3-2,11,幼年班學員本3-2(宗教教育教材),jw3-2,200,3
KM3-2,11,幼兒班教員本3-2(宗教教育教材),km3-2,250,-3
KP3-2,11,幼兒班掛圖3-2(宗教教育教材),KP3-2,400,0
9789869492768,07-1,心靈的傷，身體會記住(大家出版),9789869492768,550,2
SR77ARTI4.606,01,翠綠款仿皮大字索引聖經(聖資),9786267287392,950,1
SR57ARTI4.604,01,紫花卉仿皮輕便型聖經(聖資),9786267287378,800,5
480-2,08-4,你所需要的(道聲繪本),9789570368437,240,1
953,07-2,子女心，父母情(道聲),9789864004454,300,2
CUP07R,09-1,不鏽鋼保溫瓶-紅/白/金,4713217183508,300,0
CUP07BU,09-1,不鏽鋼保溫瓶-和平藍,6921420533722,350,0
CUP07B,09-1,不鏽鋼保溫瓶-溫柔黑,6921420533715,350,0
PG31L,09-1,大福音資料袋(32×23cm)(聯總),PG31L,35,632
PG31S,09-1,小福音資料袋(25×15cm)(聯總),PG31S,30,624
SR77ARTIZ1.202,01,黑銀麂皮拉鍊索引聖經(聖資),9786267287408,1600,2
GAT007,09-3,主話語書籤/主是真光(華宣),4711342385712,18,20
GAT008,09-3,主話語書籤/主牧人(華宣),4711342385729,18,18
GAT009,09-3,主話語書籤/神的智慧(華宣),4711342385736,18,17
GAT010,09-3,主話語書籤/神的看顧(華宣),4711342385743,18,19
GAT011,09-3,主話語書籤/神的盼望(華宣),4711342385750,18,20
GAT012,09-3,主話語書籤/神就是愛(華宣),4711342385767,18,18
PG32,09-1,心連結手環/項鍊/耳環,4711673002999,299,1
12061,03-1,基本教義簡介單張,12061,3,2196
PG33-1,09-1,百繪教堂L夾/資料夾-台南小區,4711673310292,29,-13
CCT1107,01,靈修版精裝大字白邊聖經(漢語),9789625131078,1500,3
CCT1108,01,靈修版皮面大字金邊聖經(漢語),9789625131085,1800,1
CM025,07-1,隨時的幫助(格子外面),9786269913237,360,5
PG35-2,03-3,禱告方式小卡(雙面250張一套),pg35-2,650,16
PG35-1,03-3,禱告方式小卡(單面250張一套),pg35-1,500,-2
PG36,09-1,臺灣傳教百年紀念衫(聯總版),4711673603998,199,6
CUNP55AJZ,01,新標點輕便型拉鍊牛仔聖經,97862672236086,800,0
9789864544158,07-1,祝福人生的英文聖經抄寫奇蹟,9789864544158,399,2
H204,05-1,樂譜/耶穌奇妙的救恩,h204,30,979
H205,05-1,樂譜/每一天,h205,20,953
H206,05-1,樂譜/求主攜我手,h206,20,953
H207,05-1,樂譜/在神的時候遇見你,h207,20,961
H208,05-1,樂譜/完整,h208,10,963
H209,05-1,樂譜/面臨試煉時候,h209,20,970
H210,05-1,樂譜/神的話語,h210,10,951
SR93ARTI4.602,01,幾何藍-特大硬面索引聖經(聖資),9789869900867,1400,1
SR93ARTI4.601,01,花卉咖-特大硬面索引聖經(聖資),9786267287255,1400,0
PG30-9,09-1,鴿子棒球帽(彎帽沿/海鹽藍),4711673092990,299,1
PG30-10,09-1,鴿子棒球帽(彎帽沿/暖栗棕),4711673102996,299,67
PG30-11,09-1,鴿子棒球帽(彎帽沿/大冰奶),4711673112995,299,54
BI006,07-1,若老派戀愛可以天長地久(格子),9786269913251,320,2
PG35-3,03-3,禱告方式小卡單張(雙語對照),PG35-3,3,-77
9786267530894,07-1,為內耗立界線(校園),9786267530894,520,2
PB40,09-1,TJC真耶穌教會-多語帆布包,4711624001996,199,93
PB41,09-1,TJC真耶穌教會-多語帆布袋,4711624101993,199,102
GAW005,09-3,質感毛氈杯墊組4入-灰綠(華宣),4711342387556,99,9
GAW006,09-3,質感毛氈杯墊組4入-暖黃(華宣),4711342387563,99,10
GAW007,09-3,質感毛氈杯墊組4入-深棕(華宣),4711342387570,99,9
GAW008,09-3,質感毛氈杯墊組4入-橄欖綠(華宣),4711342387587,99,10
PG03-4,09-1,臺灣傳教百年紀念領帶夾(城牆金),4711607030401,199,0
PG03-5,09-1,臺灣傳教百年紀念領帶夾(鴿子白),4711607030500,199,199
H215,05-1,樂譜/舉目觀看,H215,20,977
H216,05-1,樂譜/我要向山舉目,H216,10,959
H217,05-1,樂譜/自從聽見的日子-二聲部伴奏,H217,20,936
H218,05-1,樂譜/你寶貴聖言,H218,20,783
H219,05-1,樂譜/榮耀錫安山,H219,20,983
PT0095,07-1,憂傷何懼？(華宣),9786269943425,360,1
OKD001,09-3,仰望/書籤放大鏡(華宣),4711342388027,49,23
CM026,07-1,誰偷走了我的平安？(格子外面),9786269913282,420,2
9786267530856,07-5,走入中東看耶穌/地中海看保羅,9786267530863,1599,3
JS01,09-5,信仰尼龍袋-白色(六月夏天),4710190102496,249,1
JS02,09-5,信仰尼龍袋-灰色(六月夏天),4710190202493,249,0
JS03,09-5,信仰尼龍袋-紫色(六月夏天),4710190302490,249,0
JS04,09-5,信仰尼龍袋-粉色(六月夏天),4710190402497,249,1
kmu1-3,03-1,幼兒班詩歌本1-3(宗教教育教材),kmu1-3,150,-1
kmu1-4,03-1,幼兒班詩歌本1-4(宗教教育教材),kmu1-4,150,-1
PG39-1,09-1,在花園裡胸章_百合(44mm),4711639100509,50,68
PG39-2,09-1,在花園裡胸章_杏花(44mm),4711639200506,50,76
PG39-3,09-1,在花園裡胸章_橄欖(44mm),4711639300503,50,76
PB42BU,09-1,臺灣傳教百年紀念手提袋(牛仔藍),4711624200221,199,45
GBH003,09-3,陶瓷杯-生命方向(華宣),4711342387884,220,6
GBH004,09-3,陶瓷杯-新的一天(華宣),4711342387891,220,5
KPU-1,03-1,幼兒班掛譜1-1(宗教教育教材),KPU-1,220,-1
PG03-6,09-1,臺灣傳教百年紀念領帶夾(城牆白),4711607030609,199,155
S48TS99P,01,環球聖經譯本,9789888792047,900,3
PG36110,09-1,臺灣傳教百年紀念衫01(110CM),4710008903000,399,-9
PG36120,09-1,臺灣傳教百年紀念衫02(120CM),4710000281892,399,28
PG362XS,09-1,臺灣傳教百年紀念衫03(2XS),4710006742908,399,16
PG36S,09-1,臺灣傳教百年紀念衫05(S),4710006293998,399,59
PG36M,09-1,臺灣傳教百年紀念衫06(M),4710002785190,399,112
PG36L,09-1,臺灣傳教百年紀念衫07(L),4710005743661,399,-42
PG36XL,09-1,臺灣傳教百年紀念衫08(XL),4710005533804,399,49
PG363XL,09-1,臺灣傳教百年紀念衫10(3XL),4710007897836,399,-66
PG364XL,09-1,臺灣傳教百年紀念衫11(4XL),4710007196410,399,-1
10532001,09-3,主禱文筷子禮盒(華宣),6977464500244,360,10
MAY215,09-3,被愛粉_壓克力磁鐵(華宣),4711342388065,59,12
MAY216,09-3,十架黃_壓克力磁鐵(華宣),4711342388072,59,13
MAY217,09-3,飛鳥綠_壓克力磁鐵(華宣),4711342388089,59,10
MAY218,09-3,標竿藍_壓克力磁鐵(華宣),4711342388096,59,11
CUP05PU,09-5,冰霸杯(小/紫)(六月夏天),4710321160531,350,4
CUP04PU,09-5,冰霸杯(大/紫)(六月夏天),4710321160425,380,2
W960I05,09-3,常常喜樂/造型石頭燈(華宣),4711342388614,199,35
W960I06,09-3,不住禱告/造型石頭燈(華宣),4711342388621,199,42
KMU1-3,03-1,幼兒班詩歌本1-3(宗教教育教材),KMU1-3,150,-1
KMU1-4,03-1,幼兒班詩歌本1-4(宗教教育教材),KMU1-4,150,-1
LT150,09-1,龍潭建堂奉獻-慈繩愛索150,4710012201505,150,17
LT69,09-1,龍潭建堂奉獻-墊片69,4710012207507,69,17
H005-2,05-1,469首簡體五線譜讚美詩(袖珍),4710800602804,140,0
C184,02-1,創世記釋義(黃誌新著),9786269977833,400,845
APR002,09-3,豐盛(花)/圍裙(華宣),4711342384883,250,0
APR003,09-3,慈愛(藍)/圍裙(華宣),4711342388317,250,3
H220,05-1,樂譜/主必看顧,h220,20,-1
H221,05-1,樂譜/同心行走,h221,20,-1
H222,05-1,樂譜/愛是唯一,h222,20,-1
H223,05-1,樂譜/傳救恩到遙遠之地,h223,20,-1
H224-1,05-1,樂譜/獻上這殿,h224-1,20,-1
H224-2,05-1,樂譜/獻上這殿(簡化版),h224-2,20,-1
CT-205P,09-1,立可帶/輕鬆按壓修正帶(5mm粉紅),4711734179691,40,2
CT-205,09-1,立可帶/輕鬆按壓修正帶(5mm藍),4711734179608,40,0
CT204,09-1,立可帶/輕鬆按壓修正帶(4.5mm橘),4711734179301,40,2
CT-206,09-1,立可帶/輕鬆按壓修正帶(6mm綠),4711734179707,40,2
9789575878177,07-2,我該結婚嗎?(修訂版)(校園),9789575878177,290,1
9789575878375,07-2,偉大小孩養成術(校園),9789575878375,250,0
CFT2247,07-6,哥林多前書(漢語.國際釋經),9789625132471,640,0
C072,02-1,如何準備講道(謝順道著)　　　　,4710307200206,50,187
C088,02-1,羅馬書釋義(謝順道著),9789579853354,250,679
C164,02-1,創世紀的故事(上),9789867893024,50,12
CBT1090,01,中英NIV藍色拉鍊聖經(漢語),9789625130903,1900,3
CBT1080,01,中英NIV紅色拉鍊聖經(漢語),9789625130804,1900,0
C137,02-1,聖經中的真教會(蔡恆忠 著),9789869655798,300,313
C083,02-1,新約讀經指引(林永基著)　　,9789573059004,240,109
C043,02-1,聖靈論增訂版(謝順道 著),9789869655774,500,395
C172,02-1,暮蟬低語(潘誠人著),9789867893086,250,317
C153,02-1,風箏與線(羅真聲一家),9789573059028,280,90
C155,02-1,銀網金蘋(邱義雄著),9789573059035,180,202
C154,02-1,實用釋經學(林永基著),9789573059042,280,168
C008,02-1,真道提要問答(郭子嚴著),9786269698615,250,243
C158,02-1,民數記中之基督(陳勝全著),9789573059059,150,627
C157,02-1,我親眼看見神增訂版(順道文集3),9786269698608,350,512
C140,02-1,雅各書釋義 (林永基 著),9789579853385,50,0
C160,02-1,剩餅餘魚(陸瑩華著),9789573059073,150,181
C159,02-1,耶利米書的信息(林賢明),9786269905348,300,819
R023A,07-6,聖經中的失敗者(宣道)(華宣),9789622442672,370,0
CCL111002,08-5,漫畫福音－耶穌生平(證主),9789579189019,200,1
CCL111005,08-5,漫畫福音－創世記(證主),9789579189279,200,1
CCL111006,08-5,漫畫福音－摩西‧約書亞(證主),9789579189330,200,1
14010,03-2,聖經函授進階(信仰的探索1-12),14010,120,0
R034B,07-4,新約中希英逐字對照,R034B,1800,0
R034C,07-4,新約希臘文中文辭典　　　　　　,9789579346214,1600,1
C175,02-1,順道信箱釋疑(1)(順道文集4),9789867893116,250,432
CUNPIB63A,01,精裝硬面繪圖本聖經,9789570472677,1000,7
B320,01,CUNPPS63AGN注音聖經(綠),9789866674839,900,85
C001,02-1,對觀福音書(林獻生著),9789867893628,150,262
C002,02-1,好好接住你(謝秀芬著),9786269698660,250,78
C004,02-1,雅歌釋義(蔡聖民著),9789867893581,100,353
C005,02-1,啟示錄的研究 (黃以利沙著),9786269905317,350,287
C011,02-1,綠手指的秘密-繪本,9789869770095,350,818
C012,02-1,馬可福音略解(楊約翰著),9789867893482,150,512
C014,02-1,腓利門*猶大書釋義(林從道著),4710030140305,10,22
C015,02-1,讀經與查經(1999年版),4710030151004,50,0
C016,02-1,靈糧分享-創世記(謝溪海著),9789867893871,150,695
C018,02-1,靈糧分享-路加福音(謝溪海著)　,9789869770057,100,704
C019,02-1,靈糧分享-出埃及記(謝溪海著)　,9789869770064,150,221
C023,02-1,福音小書/信主前該了解的四件事,9789869770026,150,281
C050,02-1,主耶穌的比喻(林獻生著),4710030501007,50,182
C056,02-1,撒母耳記講義(蔡聖民著)　　　　,4710030560509,10,12
C082,02-1,加拉太書釋義(蔡梅曦著)　　　　,4710030821808,50,-3
C084,02-1,禱告的壇(黃基甸著),9789869655767,250,199
C086,02-1,新約背景研究　(林大煜著)　　　,4710030864003,400,0
C156,02-1,何西阿書釋義(蔡梅曦著),9789579214278,240,222
C087,02-1,約拿書講義(邱義雄著),4710030870400,10,55
C091,02-1,哥林多前書原文解經(江南瑩著)　,4710030913503,50,5
C098,02-1,提摩太前書查經(江微美著)　　　,4710030980802,50,2
C099,02-1,提摩太後書查經(江微美著)　　　,4710030990801,50,100
C101,02-1,士師速寫(郭祝壽著),9789867893857,200,379
C106,02-1,靈糧分享-使徒行傳(謝溪海著),9789867893970,150,87
C109,02-1,但以理書釋義(楊約翰),9789867893642,100,1
C167,02-1,6折/哥林多前書釋義(蔡梅曦著),9789579214285,300,289
C133,02-1,腓利門書釋義(邱義雄著)　　　　,9789867893314,50,133
H002,05-1,青年詩歌(二）　　　　　　　　,4710080020503,50,0
H003,05-1,青年詩歌(三),4710080030502,50,0
S003,04-1,靈恩佈道會旗（橫式6m×0.6m）,S003,850,6
S004,04-1,靈恩佈道會旗/直式0.6m×1.5m,S004,200,-10
S005,04-1,洗禮旗（直式30Cm×180Cm）,S005,200,16
S006A,04-1,大不鏽鋼聖餐杯盤（含中板）,S006A,750,79
S006C,04-1,壓克力聖餐杯　　　　　　　　　,S006C,5,11281
S007,04-1,不鏽鋼聖餐餅盤（小）　　　,S007,140,11
S010,04-1,禮拜日記(新版),4714140010800,150,96
S011B,04-2,勸慰詞/未信(含信封)　　　,S011B,10,0
S020,04-2,訂婚禮儀節布　　　　　　　　　,S020,300,100
S021A,04-2,婚禮儀節綢布　　　　　　,S021A,400,47
S021B,04-2,婚禮來賓簽名綢,S021B,300,52
S022A,04-2,喪禮儀節絨布,S022A,400,29
S025,02-2,見證傳單　　　　　　　　　　　,S025,1,-7401
S033,04-1,安息日旗(黃底紅字60*200cm)　　,S033,150,36
S026,02-2,福音傳單　　　　　　　　　　　,S026,1,-2001
S041A,09-1,哈利路亞貼紙(原版),4711904110400,30,0
S041B,09-1,哈利路亞貼紙(內貼.一套三式)　,4711904120409,10,-99
S057B,04-1,大講台鐘,4713007921181,3000,73
S018A,04-2,喪禮二折式程序單(彩色),S018A,3,1279
C013,02-1,創世記查經指引(楊約翰 著),9789867893468,150,-2
C024,02-1,福音小書/生命中的美好禮物,9789869770033,150,460
C100,02-1,小先知書略解(新版)朱榮道 著,9789579214148,150,261
C170,02-1,6折/哥林多後書釋義(蔡梅曦著),9789579214292,200,357
C116,02-1,尼希米記釋義(郭祝壽著),9789579786300,200,344
S047A,04-1,高級原木匾額(南洋木)3.5*1.5尺,S047A,3600,-1
S047B,04-1,高級原木匾額(南洋木)3.0*1.4尺,S047B,3300,0
C183,02-1,洞裏乾坤(郭祝壽 著),9789867893185,300,272
C144,02-1,靈糧分享-耶利米書(王明昌著),9789579786317,150,71
CCL111007,08-5,漫畫福音－大衛‧所羅門(證主),9789579189415,200,0
CCL111008,08-5,漫畫福音－耶穌的比喻(證主),9789579189507,200,1
C176,02-1,申命記導論 (陳勝全 著),9789867893123,150,594
C177,02-1,6折/申命記查經(上)(陳勝全著),9789867893130,200,0
C145,02-1,被擄歸回的信息(林賢明著),9786269698677,300,713
S016A,04-2,白包／賻儀袋,S016A,2,6132
CUNP62ABU,01,新標點和合本膠皮聖經(藍),9789867530035,440,1
C147,02-1,五大教義釋疑(順道文集1),9789579786331,240,0
S030A,02-2,傳單加印地址版費(5000張以下),S030A,350,-4
318,09-4,匾額：基督是我家之主(信望愛),4713027031808,1200,1
CCT1173,01,靈修版黑皮拉鍊聖經(漢語),9789625131733,1900,5
C146,02-1,靈糧分享-羅馬書(謝溪海著),9789579786348,150,954
S031B,12,郵資(航空),S031B,0,-89
S031C,12,郵資(海運),S031C,0,450
CCT1175,01,靈修版藍皮拉鍊聖經(漢語),9789625131757,1900,3
S074,04-1,背心(義工/福音/宣道 用),S074,150,51
JC63,01,日文口語中型聖經(聖經公會),9784820212300,1600,4
C148,02-1,聖經釋疑(順道文集2),9789579786362,250,355
C152,02-1,約翰一二三書釋義(林永基著),9789579786393,250,671
S017A,04-2,婚禮用程序單(儀節表),S017A,3,1988
S018B,04-2,喪禮三折式程序單(彩色),S018B,4,2660
S024B,04-2,喪禮用黑白十字架貼紙,S024B,1,82
712,12,文具禮品,712,30,216
C139,02-1,監獄書信的信息(林賢明著),9789869770002,350,515
S076,04-1,名牌透明袋(小),4713091580059,5,184
S077,04-1,名牌透明袋(大),S077,10,348
CCL111009,08-5,漫畫福音－使徒的故事(證主),9789579189569,200,1
H004,05-1,青年詩歌(四),4710080040501,50,0
H027B,05-1,阿美語少年班詩歌本,4710202721509,150,38
713,12,手冊廣告,713,0,-2
S011C,04-2,勸慰詞(附阿美語),S011C,10,50
S032,04-1,真耶穌教會會旗/直式0.6m×1.5m,S032,200,-5
H027C,05-1,阿美語幼年班詩歌本,4710202731508,150,39
C136,02-1,6折/進入聖經的世界,9789867893345,400,0
C006,02-1,聖經要道(楊約翰 著),9786269905324,300,731
C138,02-1,靈糧分享-約翰福音(謝溪海 著),9789579853347,150,831
C143,02-1,約書亞記釋義(邱義雄著),9789579853392,220,59
S021,04-2,訂婚禮來賓簽名綢布,S021,300,131
S007A,04-1,不鏽鋼聖餐餅盤（大）,S007A,230,29
S011H,04-1,教會用信封袋,S011H,2,0
C162,02-1,靈糧分享-約書亞記(謝溪海著),9789869770019,150,339
S011D,04-2,勸慰詞/主內(含信封),S011D,10,37
C165,02-1,以弗所書釋義(王明昌著),9789867893031,200,537
C089,02-1,靈糧分享-民數記(謝溪海著),9789867893697,100,44
C102,02-1,牧羊人的兩堂必修課-教牧與講道,9789869885003,200,93
H027D,05-1,阿美語喪禮詩歌本,H027D,50,94
T057H,05-1,牽我手伴我走詩歌本,4710578001007,100,-1
CBT1071,01,中英NIV精裝藍色輕便聖經(漢語),9789625130712,890,0
H016,05-1,469首四部簡譜軟皮讚美詩,4710801602001,200,0
C163,02-1,報喜信的人(蔡聖民著),9789867893017,250,0
9789570411201,07-7,天啟與救贖(蔡彥仁 著)(立緒),9789570411201,99,45
C060,02-1,以斯拉記彙譚(陳勝全 著),4710030601004,50,1
S047C,04-1,高級原木匾額(南洋木)2.5*1.3尺,S047C,2500,-4
C166,02-1,主禱文 (謝宏駿 著),9789867893048,120,275
C169,02-1,聖經人文史地(四版)(陳勝全著),9786269698691,600,485
S017D,04-2,訂婚禮用儀節表,S017D,3,0
S074B,04-1,洗禮袍(M　/L　/XL　/2XL　),S074B,550,50
S011G,04-1,奉獻袋教會用,S011G,2,5467
TTYV63,01,泰雅爾語聖經(硬皮),9789570472660,100,12
C168,02-1,以色列的戰車馬兵(郭祝壽),9789867893062,200,430
CCT6329,01,編年合參精裝硬面聖經(漢語),9789625133294,750,0
14002,03-2,福音講章集 (賴英夫 編著),4714140021004,100,1
T057H-1,05-1,美好之日歌本,4710578011006,100,6
CBT1079,01,中英NIV黑色拉鍊聖經(漢語),9789625130798,1900,3
C180,02-1,6折/安息日論(江南瑩),9789867893161,200,140
C173,02-1,6折/福音的起頭-馬可福音(王明昌,9789867893093,250,0
C178,02-1,6折/申命記查經(下)(陳勝全著),9789867893147,200,116
9789579189378,07-2,致嘉蘭書(證主),9789579189378,210,1
9789579189361,07-2,致偉立書(證主),9789579189361,210,1
12001,03-1,基督徒的信仰生活指南,9786269793624,99,722
C179,02-1,靈糧分享-加/歌/利未絕版,9789867893154,150,0
CBT1422,01,中英NIV紫色中型硬面聖經(漢語),9789625134222,790,2
S22TS01H,01,新譯和合對照聖經(環球),9789628919710,800,0
C181,02-1,6折/太初有道-約翰福音(謝忠光),9789867893178,250,373
CBT1506,01,中英皮面NIV索引聖經(漢語),9789625135069,1500,1
TCPS-C63P,08-5,兒童寶貝聖經(注音版)(聖經公會),9789867530585,700,1
9789575878993,07-2,"承諾\,婚姻的保鮮膜(校園)",9789861984995,380,1
CCT3214,01,青年靈修版和合本聖經(漢語),9789625132143,1200,3
0158,07-1,荒漠甘泉(大精-中主),9789575500672,180,1
C188,02-1,順道信箱釋疑(2)(順道文集5),9789867893260,250,1
0735,08-2,神的奇妙世界(貼紙書系列)(中主),9789575503277,150,0
0737,08-2,遇見舊約中的大人物(停版),9789575503253,150,-2
0738,08-2,遇見新約中的大人物(停版),9789575503260,150,-2
322CALSB05,01,分析排版研讀版-精裝聖經(華宣),9789628840267,1750,1
9789575878207,07-2,新婚之愛(校園),9789575878207,300,1
12043,03-1,奇妙的創造(朗誦本),4712120431003,100,2
C006A,03-2,道路真理生命-聖經要道經文彙編,9789860664485,200,-29
C169A,06-2,聖經人文史地CD-12片 (陳勝全),4713169103005,300,0
15012,03-4,路得記要訓(趙明洋著),4710000150129,80,26
14006,03-2,福音人員佈道訓練教材,4714140060409,40,8
14003,03-2,雲彩飛揚1-見證傳單集錦,4714140031003,100,2
14004,03-2,得人如得魚 - 宣道訓練教材,4714140041002,100,-4
14007,03-2,真耶穌教會基本信仰概述,9786269793686,30,21
14008,03-2,醫院福音事工手冊,4714140080209,20,33
12007,03-1,社青團契教材(一),12007,100,0
12008,03-1,社青團契教材(二),12008,100,0
12009,03-1,中堅團契教材(一),12009,100,0
12010,03-1,中堅團契教材(二),12010,100,0
12011,03-1,長青團契教材(一),12011,100,0
12012,03-1,長青團契教材(二),12012,100,0
12013,03-1,中堅/成人團契教材(三),12013,100,4
12014,03-1,信徒喪葬手冊(教牧處),9789867893635,100,282
12002,03-1,信徒生活手冊(改用12001),,50,1
12015,03-1,婚姻講座,12015,50,0
12018,03-1,基督徒的倫理觀,12018,50,0
15013,03-4,撒母耳記上(邱義雄著),4710150130804,80,68
15014,03-4,撒母耳記下(邱義雄著),4710150140704,70,67
12026,03-1,少年班詩歌教員本,4712120261204,120,-5
12027,03-1,少年班詩歌學生本,4712120270503,50,1
12028,03-1,幼年班詩歌教員本,4712120281509,150,4
12029,03-1,幼年班詩歌學生本(注音版),4712120290600,60,13
12030,03-1,幼稚班詩歌教員本,4712120301009,100,-13
9789575878214,07-4,衣衫襤褸的福音(校園),9789575878214,260,1
9789575876906,07-1,歡喜讀舊約(校園),9789575876906,260,0
15025,03-4,以西結書講義(林永基),4710000150259,100,2
15026,03-4,瑪拉基書-愛之深責之切(邱義雄),4710000150266,50,0
15027,03-4,新約聖經入門(陳勝全),15027,100,25
15035,03-4,哥林多前後書(林正雄),15035,180,43
15036,03-4,哥林多後書講義(林永基),4710000150365,90,0
15041,03-4,普通書信<來-猶>(林正雄),4710000150419,180,33
15048,03-4,帖撒羅尼迦前後書(謝順道),4710000150488,60,3
NT0004,07-5,新約背景與年代表(華神),9789579337267,330,0
OT0008,07-5,舊約背景與年代表(華神),9789579337809,280,0
CU57AZTI,01,輕便型拉鍊索引皮面聖經,9789570472141,1000,14
12038,03-1,青少年生活讀經(3)-(6),4712120380301,30,58
TH0021,07-7,基督教神學與教義圖表(華神),9789579337977,280,1
130001,03-3,The Gospel of Luke(路加),9789302640626,250,0
130002,03-3,Philemon&Hebrews(門/來),9789302640978,200,0
130005,03-3,"James/1\,2 Peter(雅/彼前後)",9789302640701,200,3
130006,03-3,The Gospel of Mark(馬可),9789302641197,250,0
130007,03-3,Thessalonians/Timothy/Titus,9789302641005,250,2
130008,03-3,Galatians to Colossians,9789302640893,250,1
130009,03-3,聖經要道(英文版),9789302640541,180,0
130010,03-3,Q&A On the Basic Beliefs,9789302640466,120,0
1300011,03-3,The Book of Act(使徒),9789302641272,250,0
1300012,03-3,"123John\,Jude&Revelation",9789302640114,250,3
9781932184167,07-7,十架與事奉(麥種),9781932184167,210,0
9781932184136,07-1,保羅的禱告(麥種),9781932184136,365,1
CU97AZTI,01,特大字版拉鍊索引皮面聖經,9789570472172,2100,1
301,09-4,大經句牌-基督是我家之主(申嘉),4713010005502,530,0
NT0011,07-6,啟示錄註釋(上)羅偉 著 (華神),9789570471793,900,1
NT0012,07-6,啟示錄註釋(中)羅偉 著 (華神),9789570471809,800,1
NT0013,07-6,啟示錄註釋(下)羅偉 著 (華神),9789570471816,800,1
9789867344069,08-5,10個跑贏兔子的方法(繪本)施以諾,9789867344069,299,0
C191,02-1,以西結書釋義 (林永基 著),9789867893291,600,0
C192,02-1,腓立比書釋義 (王明昌 著),9789867893307,150,149
THAIBB,01,泰文聖經(絕版),9786163390325,600,0
R026,07-2,閨房之樂(大平裝)(大光),9789574750313,99,0
CHT4340,08-1,漫畫聖經.注音版(附說故事ＣＤ),9789868043404,640,0
H035,05-1,印尼文四部簡譜讚美詩,4710803502002,250,8
CUNPCS073A,01,新標點橫排串珠大型聖經(精裝),9789570472523,610,18
CU97AZ,01,特大字版皮面拉鍊聖經,9789867530752,1900,1
C189,02-1,靈糧分享-雅各書(謝溪海 著),9789867893277,120,1
12035,03-1,讀經進度表(我的讀經好時光),12035,2,33671
S045,04-1,小跪墊(彩雲飛),S045,100,-19
CM01,02-3,傳道書中的弔詭,9789869683616,140,1
CM03,02-3,鴿子與大魚(蔡梅曦 著)/道聲,9789570368703,150,2
CM04,02-3,雅各和約瑟的故事(江微美 著),9789867460424,150,1
C190,02-1,6折/申命記今釋(陳勝全著),9789867893284,500,100
T057H-2,05-1,我欲謳咾主你的名(台語詩歌本),4710578021005,100,5
CU87AZ,01,大字版金邊皮面拉鏈聖經,9789867530332,1400,0
B308C,01,現代西班牙文聖經(LA BIBLIA),B308C,350,4
14021,03-2,麥餅零碎1-福音傳單集錦,4714140211009,100,5
C193,02-1,靈糧集（２３）集,4710031931254,125,300
C194,02-1,靈糧集（２４）集,4710031941253,125,225
9789575879877,07-4,詩人的眼睛(校園),9789575879877,400,1
C022,02-1,默想集2-順道文集(謝順道著),9786269905362,300,303
14023,03-2,福音傳真DVD(1-33輯),4714140235050,30,360
S040A,04-1,月曆(格式:每個月一張)　　　　,S040A,80,-120
S057G,04-1,按鈴/叫人鈴,4714792023029,100,11
130012,03-3,聖靈論英文版(Holy Spirit),4711300121604,160,0
12054,11,高中班學生本,12054,40,0
12052-1,11,國中班教員本,12052-1,50,0
12054-1,11,高中班教員本,12054-1,50,0
TD0008,07-6,利未記(卷上)聖經註釋(天道),9789622081888,99,0
TD0009,07-6,利未記(卷下)聖經註釋(天道),9789622081949,99,0
TD0011,07-6,申命記(卷上)聖經註釋(天道),9789622085510,99,0
TD0012,07-6,申命記(卷下)聖經註釋(天道),9789622085220,99,0
TD0014,07-6,路得記-聖經註釋(天道),9789622086371,99,0
TD0015,07-6,撒母耳記上(卷一)聖經註釋(天道),9789622084322,99,0
TD0016,07-6,撒母耳記上(卷二)聖經註釋(天道),9789622085084,99,0
TD0017,07-6,列王記(卷一)聖經註釋(天道),9789622085435,99,0
TD0021,07-6,歷代志上(卷一)聖經註釋(天道),9789622086456,99,0
TD0032,07-6,以賽亞書(卷三)聖經註釋(天道),9789622086388,99,0
TD0033,07-6,以賽亞書(卷四)聖經註釋(天道),9789622086647,99,0
TD1315P,07-6,耶利米書(卷上)-聖經註釋(天道),9789622082120,99,0
TD0038,07-6,以西結書(卷下)聖經註釋(天道),9789622081932,99,0
TD0040,07-6,可以改絕版,9789622086708,99,0
TD0041,07-6,十二先知書(卷一)聖經註釋(天道),9789622080812,99,0
TD0042,07-6,十二先知書(卷二)聖經註釋(天道),9789622086159,99,0
TD0043,07-6,十二先知書(卷三)聖經註釋(天道),9789622081413,99,2
TD0044,07-6,十二先知書(卷四)聖經註釋(天道),9789622081642,99,0
TD0054,07-6,腓立比書-聖經註釋(天道),9789622081567,99,0
TD0056,07-6,帖撒羅尼迦前書-聖經註釋(天道),9789622081772,99,0
TD0057,07-6,帖撒羅尼迦後書-聖經註釋(天道),9789622082007,99,0
TD0059,07-6,腓利門書-聖經註釋(天道),9789622082298,99,0
TD0063,07-6,彼得前書-聖經註釋(天道),9789622083011,99,1
TD0064,07-6,約翰123書(卷上)聖經註釋(天道),9789622086777,99,0
TD0065,07-6,約翰123書(卷下)聖經註釋(天道),9789622086852,99,0
TT0001,07-6,創世記聖經註釋(丁道爾),9789575872847,99,0
TT0002,07-6,出埃及記聖經註釋(丁道爾),9789575876579,99,0
TT0003,07-6,利未記聖經註釋(丁道爾),9789575877514,99,0
TT0004,07-6,民數記聖經註釋(丁道爾),9789575877620,99,0
TT0005,07-6,申命記聖經註釋(丁道爾),9789575876555,99,0
TT0006,07-6,約書亞記聖經註釋(丁道爾),9789575876968,99,0
TT0008,07-6,撒母耳記上下聖經註釋 (丁道爾),9789575877323,99,0
TT0021,07-6,耶利米書耶利米哀歌註釋(丁道爾),9789575876883,99,0
TT0022,07-6,以西結書聖經註釋(丁道爾),9789575877811,99,0
TT0023,07-6,但以理書聖經註釋(丁道爾),9789575877699,99,0
TT0024,07-6,何西阿書聖經註釋(丁道爾),9789575875763,99,0
TT0026,07-6,俄巴底亞書約拿書彌迦書(丁道爾),9789575876203,99,0
TT0027,07-6,那鴻書哈巴谷書西番雅書(丁道爾),9789575875596,99,0
TT0029,07-6,馬太福音聖經註釋(丁道爾),9789575874988,99,0
TT0030,07-6,馬可福音聖經註釋(丁道爾),9789575875398,99,0
TT0031,07-6,路加福音聖經註釋(丁道爾),9789575874971,99,0
TT0032,07-6,約翰福音聖經註釋(丁道爾),9789575878795,99,0
TT0033,07-6,約翰書信聖經註釋(丁道爾),9789575876999,99,0
TT0035,07-6,羅馬書聖經註釋(丁道爾),9789575871765,99,0
TT0038,07-6,加拉太書聖經註釋(丁道爾),9789575877484,99,0
TT0039,07-6,以弗所書聖經註釋(丁道爾),9789575877347,99,0
TT0040,07-6,腓立比書聖經註釋(丁道爾),9789575876753,99,0
TT0041,07-6,歌羅西書腓利門書註釋(丁道爾),9789575874308,99,0
TT0042,07-6,帖撒羅尼迦前後書註釋(丁道爾),9789575872878,99,0
TT0043,07-6,教牧書信 聖經註釋(丁道爾),9789575878252,99,0
TT0044,07-6,希伯來書聖經註釋(丁道爾),9789575876227,99,0
TT0045,07-6,雅各書 聖經註釋 (丁道爾),9789575871789,99,0
TT0046,07-6,彼得前書聖經註釋(丁道爾),9789575874681,99,0
TT0047,07-6,彼得後書 猶大書聖經註釋(丁道爾,9789575876500,99,0
TT0048,07-6,啟示錄聖經註釋(丁道爾),9789575870379,99,0
TT0010,07-6,歷代志上聖經註釋(丁道爾),9789861980393,99,0
TT0011,07-6,歷代志下聖經註釋(丁道爾),9789861980409,99,0
TT0012,07-6,以斯拉記 尼希米記(丁道爾),9789575878139,99,0
TT0016,07-6,詩篇聖經註釋(下)(丁道爾),9789575874629,99,0
1300013,03-3,The Gospel of Matthew(馬太),9789302640039,250,1
CM07,02-3,淺談受聖靈說靈言(江雅各 著),9789868370128,200,0
E016-06,06-2,秘訣CD(上巴陵詩班),4712121606257,99,0
12052,11,國中班學生本,12052,30,0
S040B,04-1,月曆(格式:三個月一張)　　　　,S040B,80,-30
9789868272620,07-6,榮光的回歸以西結書(平裝)蔡梅曦,9789868272620,199,107
9789868272637,07-6,榮光的回歸以西結書(精裝)蔡梅曦,9789868272637,199,18
C195,02-1,基督徒的投資與理財(郭子嚴等著),9789867893321,250,125
C196,02-1,靈糧分享-希伯來書(謝溪海 著),9789867893338,250,265
12053,03-1,聖工人員工作實務手冊,4714140120530,50,0
C008A,03-2,唸的明白-真道提要問答經文彙編,9789860664454,200,12
CM08,02-3,神的同在(林桂永 著),9789869683623,200,68
C197,02-1,順道信箱釋疑(3)(順道文集6),9789867893369,250,64
